CustomerID,TotalSales,InvoiceNo,MediaTicket
12747.0,1959.01,11,178.09181818181818
12748.0,24712.23,214,115.47771028037383
12749.0,3615.0,8,451.875
12820.0,942.34,4,235.585
12821.0,92.72,1,92.72
12822.0,816.98,3,272.32666666666665
12824.0,397.12,1,397.12
12826.0,1468.1200000000001,8,183.51500000000001
12827.0,430.15000000000003,3,143.38333333333335
12828.0,1018.71,6,169.785
12829.0,213.1,2,106.55
12830.0,622.08,3,207.36
12831.0,215.05,1,215.05
12832.0,383.03,2,191.515
12833.0,417.38,1,417.38
12834.0,312.38,1,312.38
12836.0,2466.71,4,616.6775
12837.0,134.1,1,134.1
12838.0,671.95,2,335.975
12839.0,5512.82,16,344.55125
12840.0,2478.27,6,413.045
12841.0,3613.56,26,138.9830769230769
12842.0,591.09,2,295.545
12843.0,1561.96,9,173.5511111111111
12844.0,325.96000000000004,2,162.98000000000002
12845.0,71.79,2,35.895
12847.0,843.64,1,843.64
12849.0,757.6899999999999,2,378.84499999999997
12851.0,131.81,1,131.81
12852.0,299.75,2,149.875
12853.0,1499.8,9,166.64444444444445
12854.0,1145.7,5,229.14000000000001
12855.0,38.1,1,38.1
12856.0,2153.53,8,269.19125
12857.0,1038.4,2,519.2
12863.0,32.8,2,16.4
12864.0,27.599999999999998,1,27.599999999999998
12867.0,3884.04,10,388.404
12868.0,1607.0600000000002,6,267.84333333333336
12870.0,-14.899999999999999,1,-14.899999999999999
12871.0,135.84,2,67.92
12872.0,599.97,2,299.985
12875.0,49.470000000000006,1,49.470000000000006
12877.0,1298.17,11,118.01545454545455
12878.0,841.64,3,280.5466666666667
12879.0,124.17,3,41.39
12881.0,103.0,1,103.0
12882.0,56.4,1,56.4
12883.0,703.47,4,175.8675
12884.0,139.05,1,139.05
12885.0,1158.27,4,289.5675
12886.0,1351.09,3,450.3633333333333
12888.0,-15.149999999999995,3,-5.049999999999998
12890.0,376.71999999999997,1,376.71999999999997
12891.0,42.0,1,42.0
12893.0,176.55,1,176.55
12895.0,347.3,3,115.76666666666667
12897.0,145.7,2,72.85
12901.0,1264.09,18,70.22722222222222
12902.0,138.68,1,138.68
12904.0,496.06,2,248.03
12906.0,1240.93,5,248.186
12909.0,1391.03,8,173.87875
12910.0,1518.82,8,189.8525
12912.0,441.9,4,110.475
12913.0,942.71,5,188.542
12915.0,363.65,2,181.825
12916.0,1994.95,5,398.99
12919.0,968.66,8,121.0825
12920.0,162.78,1,162.78
12921.0,14071.01,50,281.4202
12922.0,405.38,1,405.38
12923.0,172.82,1,172.82
12924.0,488.83,5,97.76599999999999
12925.0,694.05,2,347.025
12928.0,1733.9,5,346.78000000000003
12929.0,105.1,2,52.55
12930.0,409.9,4,102.475
12931.0,76.96,2,38.48
12933.0,606.28,4,151.57
12935.0,2156.45,8,269.55625
12936.0,761.3,3,253.76666666666665
12937.0,1279.8700000000001,4,319.96750000000003
12938.0,114.14,1,114.14
12940.0,862.44,4,215.61
12942.0,675.6,3,225.20000000000002
12943.0,-3.75,1,-3.75
12944.0,604.51,2,302.255
12945.0,462.95,1,462.95
12947.0,1288.49,10,128.849
12948.0,2053.7,8,256.7125
12949.0,4079.42,10,407.942
12950.0,284.2,2,142.1
12951.0,1042.07,8,130.25875
12952.0,1382.8400000000001,5,276.56800000000004
12953.0,329.85,1,329.85
12955.0,3847.8199999999997,14,274.8442857142857
12956.0,108.07,1,108.07
12957.0,3902.54,12,325.21166666666664
12962.0,266.39,2,133.195
12963.0,1841.03,9,204.55888888888887
12965.0,769.8100000000001,1,769.8100000000001
12966.0,160.18,1,160.18
12967.0,-42.599999999999994,3,-14.199999999999998
12968.0,74.75,1,74.75
12970.0,405.47,4,101.3675
12971.0,5387.02,82,65.69536585365854
12974.0,144.8,1,144.8
12976.0,303.6,1,303.6
12977.0,39.239999999999995,1,39.239999999999995
12980.0,-3.39,1,-3.39
12981.0,372.21999999999997,2,186.10999999999999
12982.0,377.2,2,188.6
12984.0,97.5,1,97.5
12985.0,1215.6200000000001,3,405.2066666666667
12987.0,545.0,3,181.66666666666666
12988.0,505.82,1,505.82
12989.0,212.23,8,26.52875
12990.0,409.5,3,136.5
12991.0,503.76,2,251.88
12993.0,414.76,4,103.69
12994.0,902.22,5,180.44400000000002
12995.0,65.72000000000001,2,32.86000000000001
12997.0,958.26,7,136.8942857142857
12999.0,379.38,2,189.69
13000.0,458.53000000000003,2,229.26500000000001
13001.0,5435.61,15,362.37399999999997
13002.0,120.94999999999999,1,120.94999999999999
13003.0,89.05000000000001,2,44.525000000000006
13004.0,5613.43,22,255.1559090909091
13005.0,393.95,3,131.31666666666666
13006.0,81.57,1,81.57
13008.0,229.46999999999997,1,229.46999999999997
13011.0,50.550000000000004,1,50.550000000000004
13012.0,1386.8200000000002,11,126.07454545454547
13013.0,4271.4400000000005,15,284.7626666666667
13014.0,2175.03,16,135.939375
13015.0,3044.64,5,608.928
13016.0,789.89,3,263.2966666666667
13018.0,7126.95,29,245.75689655172414
13021.0,2386.5,12,198.875
13023.0,689.9,2,344.95
13026.0,617.19,7,88.17
13028.0,659.68,3,219.89333333333332
13029.0,116.5,2,58.25
13030.0,752.4399999999999,2,376.21999999999997
13032.0,996.52,3,332.17333333333335
13033.0,190.55,1,190.55
13034.0,642.77,2,321.385
13035.0,539.03,3,179.67666666666665
13037.0,881.07,3,293.69
13038.0,442.26,3,147.42
13040.0,676.99,2,338.495
13043.0,276.82,1,276.82
13044.0,560.47,1,560.47
13045.0,305.28000000000003,1,305.28000000000003
13046.0,544.3100000000001,2,272.15500000000003
13047.0,3011.1,18,167.28333333333333
13048.0,1789.41,5,357.882
13049.0,199.18,2,99.59
13050.0,5605.01,28,200.17892857142857
13052.0,280.3,1,280.3
13055.0,1201.96,4,300.49
13058.0,147.65,3,49.21666666666667
13059.0,94.15,1,94.15
13060.0,246.33,1,246.33
13061.0,248.61,1,248.61
13062.0,184.5,1,184.5
13064.0,1046.59,4,261.6475
13065.0,205.86,1,205.86
13066.0,470.8,2,235.4
13067.0,115.46000000000001,1,115.46000000000001
13069.0,3308.13,26,127.23576923076924
13070.0,228.8,1,228.8
13072.0,177.15,1,177.15
13075.0,529.41,1,529.41
13077.0,646.66,4,161.665
13078.0,5215.46,43,121.28976744186046
13079.0,124.9,5,24.98
13080.0,58.08,1,58.08
13081.0,18702.53,20,935.1265
13082.0,1094.64,10,109.46400000000001
13083.0,303.75,2,151.875
13085.0,253.18,3,84.39333333333333
13089.0,33447.93,101,331.16762376237625
13090.0,1921.6599999999999,16,120.10374999999999
13091.0,319.82,2,159.91
13092.0,459.83,6,76.63833333333334
13093.0,2014.87,13,154.98999999999998
13094.0,93.48,5,18.696
13095.0,74.39999999999999,1,74.39999999999999
13097.0,5348.52,14,382.0371428571429
13098.0,8318.9,39,213.3051282051282
13101.0,101.19,1,101.19
13102.0,5792.8099999999995,27,214.5485185185185
13103.0,243.94,1,243.94
13104.0,310.91999999999996,4,77.72999999999999
13106.0,-17.0,1,-17.0
13107.0,1081.45,5,216.29000000000002
13108.0,248.06,1,248.06
13109.0,766.84,5,153.368
13110.0,1488.67,7,212.66714285714286
13113.0,1176.07,37,31.785675675675673
13115.0,2146.13,14,153.29500000000002
13116.0,485.19,2,242.595
13117.0,984.91,8,123.11375
13118.0,933.4200000000001,6,155.57000000000002
13120.0,30.599999999999998,1,30.599999999999998
13121.0,254.73,2,127.365
13122.0,922.39,2,461.195
13124.0,3253.58,3,1084.5266666666666
13126.0,2056.29,10,205.629
13127.0,259.17,1,259.17
13130.0,64.0,1,64.0
13131.0,656.0,4,164.0
13132.0,77.3,1,77.3
13133.0,109.8,2,54.9
13134.0,1679.43,7,239.91857142857143
13136.0,2545.38,11,231.39818181818183
13137.0,3603.29,8,450.41125
13138.0,962.39,6,160.39833333333334
13139.0,3500.31,8,437.53875
13140.0,422.47,3,140.82333333333335
13141.0,2243.0,6,373.8333333333333
13142.0,307.09,1,307.09
13144.0,47.2,1,47.2
13145.0,82.17,2,41.085
13146.0,228.91,1,228.91
13148.0,3242.52,17,190.7364705882353
13149.0,1460.36,4,365.09
13151.0,1250.3700000000001,2,625.1850000000001
13153.0,227.82000000000002,1,227.82000000000002
13155.0,971.76,4,242.94
13157.0,1661.57,5,332.31399999999996
13158.0,1201.06,4,300.265
13159.0,1354.65,4,338.6625
13160.0,91.8,1,91.8
13161.0,112.75,1,112.75
13162.0,1507.29,5,301.45799999999997
13165.0,698.6800000000001,2,349.34000000000003
13166.0,414.7,2,207.35
13167.0,791.33,4,197.8325
13168.0,1231.54,5,246.308
13169.0,264.08,2,132.04
13170.0,108.81,1,108.81
13171.0,343.61,5,68.72200000000001
13173.0,353.65,2,176.825
13174.0,2742.82,3,914.2733333333334
13176.0,481.49,1,481.49
13177.0,282.45,1,282.45
13178.0,5375.55,11,488.68636363636364
13182.0,121.18,1,121.18
13183.0,1215.18,9,135.02
13184.0,1556.45,12,129.70416666666668
13186.0,1539.69,5,307.938
13187.0,236.02,1,236.02
13188.0,15.0,1,15.0
13189.0,260.68,2,130.34
13192.0,911.94,2,455.97
13193.0,112.08,1,112.08
13194.0,60.7,1,60.7
13196.0,1797.78,4,449.445
13198.0,3384.09,8,423.01125
13199.0,1326.34,24,55.26416666666666
13200.0,726.57,4,181.6425
13203.0,869.46,4,217.365
13207.0,178.86,2,89.43
13208.0,1199.65,7,171.37857142857143
13209.0,5309.54,9,589.9488888888889
13210.0,353.48,1,353.48
13211.0,483.42,3,161.14000000000001
13212.0,779.33,4,194.8325
13213.0,1340.23,6,223.37166666666667
13216.0,10.5,1,10.5
13217.0,48.620000000000005,2,24.310000000000002
13218.0,62.63999999999999,1,62.63999999999999
13220.0,273.19,2,136.595
13221.0,788.01,2,394.005
13223.0,62.4,1,62.4
13224.0,1529.25,3,509.75
13225.0,112.32000000000001,1,112.32000000000001
13226.0,108.21000000000001,1,108.21000000000001
13227.0,129.0,1,129.0
13229.0,160.95,1,160.95
13230.0,2670.63,14,190.7592857142857
13232.0,1328.35,7,189.7642857142857
13233.0,605.12,2,302.56
13235.0,836.67,1,836.67
13236.0,727.27,3,242.42333333333332
13238.0,576.83,4,144.2075
13239.0,329.56,1,329.56
13240.0,663.65,4,165.9125
13242.0,270.40000000000003,3,90.13333333333334
13243.0,585.12,1,585.12
13244.0,121.74000000000001,1,121.74000000000001
13245.0,430.5,1,430.5
13246.0,1001.88,7,143.12571428571428
13247.0,501.12,4,125.28
13248.0,465.68,2,232.84
13249.0,127.73,1,127.73
13253.0,679.28,2,339.64
13255.0,300.66,3,100.22000000000001
13258.0,591.23,3,197.07666666666668
13259.0,283.18,1,283.18
13260.0,82.32000000000001,1,82.32000000000001
13262.0,200.29,1,200.29
13263.0,7253.33,35,207.238
13265.0,1501.8600000000001,5,300.372
13266.0,3229.99,18,179.44388888888886
13267.0,4240.64,26,163.10153846153847
13268.0,3007.7,15,200.51333333333332
13269.0,4498.17,17,264.59823529411767
13271.0,172.37,2,86.185
13272.0,276.56,2,138.28
13273.0,138.98,1,138.98
13276.0,590.9300000000001,2,295.46500000000003
13277.0,258.4,4,64.6
13278.0,542.73,1,542.73
13279.0,126.30000000000001,2,63.150000000000006
13280.0,798.46,3,266.15333333333336
13282.0,758.89,4,189.7225
13283.0,93.66,2,46.83
13284.0,196.15,2,98.075
13285.0,2709.12,4,677.28
13291.0,361.11,1,361.11
13292.0,578.9399999999999,2,289.46999999999997
13294.0,873.74,2,436.87
13295.0,197.95000000000002,2,98.97500000000001
13296.0,87.4,1,87.4
13297.0,1228.85,4,307.2125
13299.0,82.80000000000001,1,82.80000000000001
13300.0,365.29,2,182.645
13301.0,618.09,4,154.5225
13304.0,300.42,1,300.42
13305.0,1873.66,10,187.366
13307.0,15.0,1,15.0
13308.0,854.57,4,213.6425
13309.0,1456.79,5,291.358
13310.0,1083.63,6,180.60500000000002
13311.0,388.81,2,194.405
13313.0,1495.92,5,299.184
13314.0,593.51,4,148.3775
13316.0,317.53,3,105.84333333333332
13317.0,2140.07,9,237.78555555555556
13318.0,377.84,3,125.94666666666666
13319.0,9230.2,36,256.39444444444445
13320.0,1475.2,6,245.86666666666667
13321.0,175.64,1,175.64
13322.0,199.48000000000002,1,199.48000000000002
13323.0,494.75,5,98.95
13324.0,792.8,8,99.1
13325.0,89.3,1,89.3
13327.0,2077.79,9,230.86555555555555
13328.0,175.68,1,175.68
13329.0,312.36,3,104.12
13330.0,1061.73,3,353.91
13332.0,350.9,1,350.9
13334.0,3420.7200000000003,3,1140.24
13336.0,795.12,1,795.12
13338.0,301.02,3,100.33999999999999
13339.0,860.12,1,860.12
13340.0,1947.53,7,278.2185714285714
13341.0,688.25,1,688.25
13343.0,303.93,2,151.965
13344.0,2030.09,3,676.6966666666666
13345.0,377.6,2,188.8
13347.0,281.96,1,281.96
13348.0,233.76,1,233.76
13349.0,247.32,1,247.32
13350.0,777.07,3,259.02333333333337
13351.0,373.94,1,373.94
13352.0,389.28,2,194.64
13354.0,743.53,1,743.53
13355.0,572.7,1,572.7
13356.0,768.24,1,768.24
13357.0,609.4,1,609.4
13358.0,439.03,1,439.03
13359.0,431.26,2,215.63
13362.0,2966.69,5,593.338
13363.0,992.5,2,496.25
13364.0,0.0,2,0.0
13365.0,2114.72,3,704.9066666666666
13366.0,56.160000000000004,1,56.160000000000004
13368.0,623.4,2,311.7
13369.0,263.75,2,131.875
13370.0,721.32,2,360.66
13372.0,378.64,1,378.64
13373.0,2967.7,3,989.2333333333332
13375.0,670.9,2,335.45
13376.0,1019.76,3,339.92
13379.0,572.56,3,190.85333333333332
13381.0,3322.61,7,474.65857142857146
13382.0,222.99,1,222.99
13384.0,3146.76,9,349.64000000000004
13385.0,534.57,1,534.57
13388.0,677.1,2,338.55
13389.0,797.96,3,265.9866666666667
13390.0,185.88,1,185.88
13394.0,2045.2,10,204.52
13395.0,307.72,1,307.72
13396.0,928.03,4,232.0075
13397.0,744.89,5,148.978
13398.0,457.34,1,457.34
13402.0,621.23,2,310.615
13403.0,75.0,1,75.0
13404.0,188.74,2,94.37
13405.0,572.451,3,190.817
13408.0,8013.860000000001,64,125.21656250000001
13410.0,528.11,6,88.01833333333333
13411.0,213.55,1,213.55
13414.0,568.5,2,284.25
13416.0,429.3,2,214.65
13417.0,640.83,2,320.415
13418.0,4296.63,23,186.81
13419.0,221.06,1,221.06
13420.0,140.35,4,35.0875
13421.0,1668.41,3,556.1366666666667
13422.0,2457.19,2,1228.595
13425.0,1240.09,3,413.3633333333333
13426.0,1951.95,11,177.45000000000002
13427.0,503.4,3,167.79999999999998
13428.0,201.78,1,201.78
13429.0,1006.8,4,251.7
13430.0,648.6899999999999,4,162.17249999999999
13431.0,796.9,2,398.45
13434.0,179.04000000000002,2,89.52000000000001
13435.0,1484.21,9,164.91222222222223
13436.0,196.89,1,196.89
13437.0,3062.46,7,437.4942857142857
13439.0,283.71,1,283.71
13441.0,215.51999999999998,1,215.51999999999998
13447.0,1104.23,4,276.0575
13448.0,3044.59,10,304.459
13449.0,291.88,1,291.88
13450.0,1570.44,6,261.74
13451.0,2898.2599999999998,5,579.6519999999999
13453.0,356.97999999999996,2,178.48999999999998
13455.0,943.6,4,235.9
13456.0,1129.77,7,161.3957142857143
13458.0,7328.78,22,333.12636363636364
13460.0,183.44,2,91.72
13461.0,499.8,3,166.6
13462.0,143.25,2,71.625
13464.0,674.68,1,674.68
13466.0,297.95,2,148.975
13467.0,1071.91,2,535.955
13468.0,5125.75,41,125.01829268292683
13470.0,165.0,2,82.5
13471.0,2501.84,4,625.46
13473.0,417.54,3,139.18
13474.0,226.84,1,226.84
13475.0,1355.46,4,338.865
13476.0,967.77,3,322.59
13477.0,1365.03,8,170.62875
13479.0,291.0,3,97.0
13481.0,1776.81,8,222.10125
13482.0,184.64,1,184.64
13483.0,140.34,1,140.34
13484.0,111.3,1,111.3
13485.0,383.44,1,383.44
13486.0,1122.41,3,374.1366666666667
13487.0,575.4,3,191.79999999999998
13488.0,7688.35,17,452.25588235294117
13489.0,215.27999999999997,3,71.75999999999999
13491.0,1215.82,10,121.582
13494.0,316.26000000000005,1,316.26000000000005
13495.0,893.62,6,148.93666666666667
13496.0,582.53,2,291.265
13497.0,321.05,3,107.01666666666667
13499.0,983.76,7,140.53714285714287
13500.0,1136.77,4,284.1925
13502.0,232.6,3,77.53333333333333
13503.0,216.85,1,216.85
13504.0,295.93,1,295.93
13506.0,452.82,3,150.94
13507.0,2479.16,4,619.79
13508.0,110.97,1,110.97
13509.0,791.6800000000001,6,131.9466666666667
13510.0,1785.16,5,357.03200000000004
13512.0,251.21,1,251.21
13513.0,145.1,1,145.1
13514.0,152.20000000000002,1,152.20000000000002
13515.0,891.12,4,222.78
13516.0,635.41,3,211.8033333333333
13517.0,2109.07,5,421.814
13518.0,627.16,1,627.16
13519.0,110.80000000000001,2,55.400000000000006
13521.0,1071.73,3,357.24333333333334
13522.0,125.80000000000001,1,125.80000000000001
13523.0,2948.7400000000002,6,491.4566666666667
13524.0,680.1800000000001,5,136.036
13525.0,164.78,2,82.39
13527.0,2218.61,8,277.32625
13529.0,307.76,2,153.88
13531.0,483.8,2,241.9
13532.0,210.31,1,210.31
13533.0,269.09,3,89.69666666666666
13534.0,5613.08,43,130.53674418604652
13536.0,2717.29,7,388.1842857142857
13538.0,599.25,6,99.875
13539.0,605.84,4,151.46
13544.0,276.06,2,138.03
13546.0,621.09,3,207.03
13548.0,678.16,2,339.08
13549.0,916.12,8,114.515
13551.0,91.80000000000001,1,91.80000000000001
13552.0,2467.15,16,154.196875
13555.0,3033.98,4,758.495
13557.0,524.06,2,262.03
13558.0,594.52,4,148.63
13560.0,171.42000000000002,1,171.42000000000002
13561.0,60.26,1,60.26
13562.0,1799.33,3,599.7766666666666
13563.0,445.93,2,222.965
13564.0,1174.03,2,587.015
13565.0,240.22,2,120.11
13566.0,856.84,2,428.42
13568.0,187.05,1,187.05
13569.0,338.62,2,169.31
13570.0,239.49,1,239.49
13571.0,2088.94,12,174.07833333333335
13572.0,539.73,1,539.73
13573.0,290.25,2,145.125
13575.0,732.0699999999999,5,146.414
13576.0,1444.06,18,80.22555555555556
13577.0,1559.3,5,311.86
13579.0,467.04,2,233.52
13581.0,118.0,1,118.0
13583.0,781.03,1,781.03
13584.0,142.4,1,142.4
13587.0,68.4,2,34.2
13588.0,2445.12,13,188.08615384615385
13589.0,379.65,2,189.825
13590.0,1480.4,7,211.4857142857143
13591.0,1040.63,3,346.8766666666667
13592.0,247.95999999999998,4,61.989999999999995
13593.0,1952.38,5,390.476
13594.0,396.97,1,396.97
13596.0,664.11,2,332.055
13598.0,147.29,2,73.645
13599.0,3830.97,33,116.08999999999999
13600.0,219.52,1,219.52
13601.0,693.32,2,346.66
13602.0,428.89,1,428.89
13603.0,164.34,1,164.34
13606.0,276.75,3,92.25
13607.0,675.51,1,675.51
13610.0,1065.88,9,118.43111111111112
13611.0,1079.96,4,269.99
13614.0,1585.46,4,396.365
13615.0,399.99,2,199.995
13617.0,544.18,3,181.39333333333332
13618.0,177.34,1,177.34
13621.0,213.85,1,213.85
13623.0,521.0,7,74.42857142857143
13626.0,257.23,1,257.23
13627.0,1420.5,7,202.92857142857142
13629.0,336.36,1,336.36
13630.0,947.84,11,86.16727272727273
13631.0,92.5,2,46.25
13632.0,2054.2,6,342.3666666666666
13634.0,1547.3600000000001,5,309.47200000000004
13635.0,1071.03,1,1071.03
13636.0,941.62,6,156.93666666666667
13637.0,804.3,3,268.09999999999997
13638.0,122.64,1,122.64
13639.0,676.22,1,676.22
13642.0,312.28,1,312.28
13643.0,519.44,3,173.14666666666668
13644.0,2597.52,5,519.504
13645.0,102.69999999999999,1,102.69999999999999
13647.0,1432.72,5,286.544
13649.0,263.2,2,131.6
13650.0,1679.14,7,239.87714285714287
13651.0,94.2,2,47.1
13652.0,1095.08,3,365.02666666666664
13654.0,2707.33,6,451.22166666666664
13655.0,932.97,2,466.485
13656.0,379.65,2,189.825
13657.0,314.64,2,157.32
13658.0,2127.32,6,354.55333333333334
13659.0,1408.45,3,469.48333333333335
13662.0,862.58,7,123.22571428571429
13663.0,189.47,1,189.47
13666.0,84.65,3,28.21666666666667
13667.0,299.05,1,299.05
13668.0,4733.35,29,163.2189655172414
13669.0,218.55,2,109.275
13670.0,349.7,1,349.7
13672.0,0.0,5,0.0
13673.0,387.44,2,193.72
13675.0,486.82000000000005,2,243.41000000000003
13678.0,232.6,1,232.6
13680.0,1837.93,5,367.586
13681.0,827.83,4,206.9575
13682.0,59.5,1,59.5
13684.0,62.13,2,31.065
13685.0,20.92,4,5.23
13686.0,72.0,1,72.0
13689.0,15.0,1,15.0
13690.0,172.25,1,172.25
13692.0,686.15,5,137.23
13693.0,-32.0,2,-16.0
13694.0,5907.31,28,210.97535714285715
13695.0,1819.89,13,139.99153846153848
13697.0,151.29999999999998,1,151.29999999999998
13699.0,308.58000000000004,1,308.58000000000004
13700.0,1884.43,10,188.443
13704.0,2295.31,10,229.531
13705.0,487.46,3,162.48666666666665
13706.0,330.79,1,330.79
13707.0,746.41,2,373.205
13708.0,285.33,1,285.33
13709.0,5348.66,16,334.29125
13710.0,113.28,1,113.28
13711.0,252.06,2,126.03
13712.0,228.84,1,228.84
13715.0,1051.99,8,131.49875
13716.0,138.28,1,138.28
13717.0,1432.26,7,204.60857142857142
13718.0,194.95,2,97.475
13719.0,1041.68,5,208.336
13720.0,720.7,4,180.175
13721.0,524.14,1,524.14
13722.0,1675.88,4,418.97
13723.0,199.85000000000002,1,199.85000000000002
13725.0,1411.3600000000001,10,141.13600000000002
13726.0,522.66,2,261.33
13727.0,333.48,2,166.74
13728.0,1016.14,6,169.35666666666665
13730.0,752.6,2,376.3
13731.0,610.59,2,305.295
13732.0,491.86,1,491.86
13735.0,2563.93,8,320.49125
13736.0,721.9,3,240.63333333333333
13737.0,265.65,1,265.65
13739.0,41.7,1,41.7
13740.0,350.75,1,350.75
13741.0,666.33,4,166.5825
13742.0,3079.27,14,219.94785714285715
13743.0,1129.55,8,141.19375
13744.0,1080.52,2,540.26
13745.0,291.54,2,145.77
13748.0,438.25,4,109.5625
13750.0,306.62,3,102.20666666666666
13751.0,131.25,1,131.25
13752.0,1100.38,6,183.39666666666668
13753.0,606.26,1,606.26
13754.0,282.59999999999997,2,141.29999999999998
13755.0,2041.99,10,204.199
13756.0,3249.52,13,249.96307692307693
13758.0,2116.22,7,302.3171428571428
13759.0,402.49,1,402.49
13760.0,286.79,2,143.395
13761.0,1070.65,2,535.325
13762.0,0.0,2,0.0
13763.0,24.5,3,8.166666666666666
13764.0,1519.42,3,506.47333333333336
13767.0,7640.780000000001,52,146.93807692307695
13769.0,2204.9900000000002,16,137.81187500000001
13771.0,2228.02,5,445.604
13772.0,1048.38,3,349.46000000000004
13774.0,345.0,1,345.0
13777.0,2247.62,29,77.50413793103448
13778.0,178.7,1,178.7
13780.0,274.21,2,137.105
13781.0,127.84,1,127.84
13782.0,908.86,6,151.47666666666666
13784.0,479.90999999999997,5,95.982
13786.0,148.8,1,148.8
13787.0,309.04,2,154.52
13790.0,348.8,1,348.8
13791.0,-28.799999999999997,1,-28.799999999999997
13792.0,195.55,2,97.775
13798.0,776.91,24,32.371249999999996
13799.0,688.86,2,344.43
13800.0,558.32,1,558.32
13801.0,324.8,1,324.8
13802.0,705.87,4,176.4675
13803.0,277.07,1,277.07
13804.0,2459.63,7,351.3757142857143
13805.0,239.39999999999998,2,119.69999999999999
13806.0,190.98000000000002,1,190.98000000000002
13807.0,112.6,1,112.6
13808.0,1400.36,5,280.072
13819.0,1011.85,3,337.28333333333336
13821.0,385.64,2,192.82
13822.0,508.09999999999997,2,254.04999999999998
13823.0,642.3000000000001,2,321.15000000000003
13824.0,916.04,4,229.01
13826.0,174.65,2,87.325
13827.0,409.8,3,136.6
13828.0,209.49,1,209.49
13831.0,621.75,4,155.4375
13832.0,40.949999999999996,2,20.474999999999998
13833.0,383.85,1,383.85
13835.0,834.57,4,208.6425
13837.0,266.59000000000003,2,133.29500000000002
13838.0,674.82,4,168.705
13842.0,3385.62,9,376.18
13844.0,361.62,1,361.62
13845.0,210.98000000000002,1,210.98000000000002
13846.0,847.61,4,211.9025
13848.0,50.0,1,50.0
13849.0,1537.95,2,768.975
13850.0,1586.81,2,793.405
13851.0,1443.3,3,481.09999999999997
13853.0,479.5,2,239.75
13854.0,1236.1299999999999,26,47.543461538461536
13856.0,125.8,5,25.16
13858.0,216.17,1,216.17
13859.0,201.16,1,201.16
13860.0,1240.0,6,206.66666666666666
13862.0,2187.31,10,218.731
13863.0,299.56,2,149.78
13865.0,501.56,4,125.39
13866.0,145.67000000000002,1,145.67000000000002
13867.0,941.49,3,313.83
13868.0,507.54,1,507.54
13869.0,3083.65,4,770.9125
13870.0,1966.25,10,196.625
13871.0,6140.2,14,438.5857142857143
13873.0,381.7,4,95.425
13874.0,280.1,1,280.1
13875.0,1608.59,5,321.71799999999996
13876.0,122.7,1,122.7
13877.0,47.64,1,47.64
13878.0,764.17,1,764.17
13880.0,3160.37,13,243.1053846153846
13881.0,1624.7,14,116.05
13882.0,1131.28,5,226.256
13883.0,2538.75,9,282.0833333333333
13884.0,712.0,6,118.66666666666667
13885.0,506.8,2,253.4
13886.0,243.56,1,243.56
13887.0,349.55,1,349.55
13888.0,595.67,2,297.835
13889.0,416.90000000000003,1,416.90000000000003
13890.0,1860.8600000000001,14,132.91857142857143
13892.0,395.73,2,197.865
13893.0,413.1,1,413.1
13894.0,459.65000000000003,5,91.93
13895.0,2180.92,5,436.184
13897.0,311.16,1,311.16
13898.0,155.93,1,155.93
13899.0,388.52,2,194.26
13900.0,638.95,3,212.98333333333335
13901.0,2807.25,5,561.45
13904.0,332.64,2,166.32
13908.0,2079.49,5,415.89799999999997
13911.0,2341.87,9,260.2077777777778
13914.0,554.55,3,184.85
13917.0,272.04,2,136.02
13918.0,585.0,2,292.5
13922.0,172.25,1,172.25
13923.0,351.13,1,351.13
13924.0,1682.08,11,152.91636363636363
13925.0,616.65,6,102.77499999999999
13926.0,223.85000000000002,1,223.85000000000002
13927.0,348.99,1,348.99
13928.0,464.57,4,116.1425
13929.0,143.25,2,71.625
13930.0,337.34,2,168.67
13931.0,975.9300000000001,3,325.31
13932.0,307.4,1,307.4
13933.0,541.2900000000001,2,270.64500000000004
13934.0,617.1,1,617.1
13936.0,361.28,2,180.64
13937.0,158.85,1,158.85
13938.0,71.66,1,71.66
13939.0,556.75,4,139.1875
13940.0,839.14,4,209.785
13941.0,391.32,5,78.264
13946.0,109.05,3,36.35
13947.0,90.6,1,90.6
13948.0,102.0,1,102.0
13949.0,2165.12,6,360.8533333333333
13950.0,646.96,5,129.392
13951.0,674.45,3,224.8166666666667
13952.0,3047.891,3,1015.9636666666667
13953.0,265.68,2,132.84
13954.0,378.59,3,126.19666666666666
13955.0,322.96,2,161.48
13956.0,1019.27,5,203.85399999999998
13958.0,-102.45,1,-102.45
13959.0,594.04,3,198.01333333333332
13960.0,159.42000000000002,2,79.71000000000001
13962.0,169.55,2,84.775
13963.0,604.54,4,151.135
13967.0,80.7,1,80.7
13969.0,6719.43,20,335.9715
13971.0,2702.2200000000003,11,245.65636363636366
13972.0,190.25,2,95.125
13973.0,196.7,1,196.7
13974.0,413.59000000000003,1,413.59000000000003
13975.0,2438.19,7,348.3128571428571
13976.0,157.52,1,157.52
13978.0,196.79000000000002,2,98.39500000000001
13979.0,869.87,1,869.87
13980.0,200.14,1,200.14
13982.0,1475.31,5,295.062
13983.0,1393.38,10,139.33800000000002
13984.0,239.63,4,59.9075
13985.0,7024.53,16,439.033125
13986.0,239.82,1,239.82
13988.0,3898.9,9,433.2111111111111
13989.0,569.56,2,284.78
13990.0,311.3,1,311.3
13991.0,847.54,7,121.07714285714285
13992.0,76.8,1,76.8
13993.0,2314.36,12,192.86333333333334
13994.0,2274.14,6,379.0233333333333
13995.0,1383.49,6,230.58166666666668
13999.0,3467.7000000000003,15,231.18
14000.0,478.91,2,239.455
14001.0,720.73,4,180.1825
14002.0,529.73,2,264.865
14004.0,3718.3,7,531.1857142857143
14005.0,1497.32,5,299.464
14006.0,519.55,3,173.1833333333333
14009.0,685.9300000000001,3,228.64333333333335
14012.0,328.8,1,328.8
14013.0,473.02,3,157.67333333333332
14014.0,505.18,1,505.18
14015.0,492.65999999999997,1,492.65999999999997
14019.0,1069.6,4,267.4
14020.0,642.8,2,321.4
14021.0,365.5,2,182.75
14022.0,440.0,1,440.0
14023.0,584.07,2,292.035
14024.0,327.7,2,163.85
14027.0,104.82,1,104.82
14029.0,388.46000000000004,2,194.23000000000002
14030.0,1903.84,8,237.98
14031.0,3172.6400000000003,16,198.29000000000002
14032.0,2543.2,18,141.2888888888889
14034.0,501.09,3,167.03
14035.0,1116.58,5,223.31599999999997
14036.0,626.65,1,626.65
14037.0,147.20000000000002,2,73.60000000000001
14038.0,1554.48,4,388.62
14039.0,82.6,1,82.6
14040.0,2957.4900000000002,15,197.16600000000003
14041.0,141.41,1,141.41
14044.0,646.42,4,161.605
14046.0,154.99,1,154.99
14047.0,499.17,7,71.31
14048.0,375.13,2,187.565
14049.0,4969.45,6,828.2416666666667
14050.0,746.36,2,373.18
14051.0,2959.54,23,128.67565217391305
14052.0,225.36,1,225.36
14053.0,41.75,1,41.75
14054.0,92.46,1,92.46
14055.0,173.04,1,173.04
14056.0,7988.21,29,275.4555172413793
14057.0,4803.86,17,282.58
14059.0,183.6,1,183.6
14060.0,3262.0,19,171.68421052631578
14062.0,1163.55,7,166.22142857142856
14064.0,830.04,6,138.34
14066.0,152.55,1,152.55
14067.0,374.7,2,187.35
14068.0,265.85,1,265.85
14071.0,1346.72,9,149.63555555555556
14073.0,139.54,2,69.77
14075.0,856.34,3,285.44666666666666
14076.0,118.67,1,118.67
14077.0,413.5,5,82.7
14078.0,417.42,6,69.57000000000001
14079.0,148.9,1,148.9
14080.0,45.599999999999994,1,45.599999999999994
14081.0,891.77,4,222.9425
14082.0,182.25,1,182.25
14083.0,1002.9,9,111.43333333333334
14085.0,4408.54,19,232.0284210526316
14087.0,178.72,2,89.36
14088.0,7991.66,12,665.9716666666667
14089.0,158.75,1,158.75
14092.0,3932.3,17,231.31176470588235
14093.0,433.86,1,433.86
14096.0,46081.85,20,2304.0924999999997
14098.0,86.15,1,86.15
14099.0,2821.79,12,235.14916666666667
14100.0,191.95000000000002,1,191.95000000000002
14101.0,125.83000000000001,2,62.915000000000006
14102.0,775.3299999999999,8,96.91624999999999
14104.0,131.21,2,65.605
14105.0,1260.33,2,630.165
14107.0,2402.88,8,300.36
14108.0,534.76,3,178.25333333333333
14109.0,80.2,2,40.1
14110.0,2422.57,11,220.23363636363638
14111.0,74.05,4,18.5125
14112.0,2672.17,12,222.68083333333334
14113.0,487.52,7,69.64571428571428
14114.0,296.83,2,148.415
14116.0,1297.74,5,259.548
14117.0,90.0,1,90.0
14119.0,-19.9,1,-19.9
14121.0,2645.5,6,440.9166666666667
14124.0,48.08,1,48.08
14125.0,2720.63,3,906.8766666666667
14126.0,213.35000000000002,1,213.35000000000002
14127.0,709.71,3,236.57000000000002
14128.0,637.5,2,318.75
14129.0,1123.8600000000001,5,224.77200000000002
14130.0,480.91,1,480.91
14132.0,3302.5299999999997,12,275.2108333333333
14133.0,590.3399999999999,5,118.06799999999998
14135.0,2441.03,15,162.73533333333336
14138.0,866.2800000000001,2,433.14000000000004
14139.0,354.62,1,354.62
14140.0,920.05,3,306.68333333333334
14141.0,760.23,6,126.705
14142.0,311.81,1,311.81
14143.0,115.8,1,115.8
14146.0,2948.67,6,491.445
14147.0,46.8,3,15.6
14148.0,29.700000000000003,1,29.700000000000003
14149.0,259.43,3,86.47666666666667
14150.0,370.24,2,185.12
14152.0,611.09,3,203.6966666666667
14154.0,881.52,2,440.76
14155.0,118.75,1,118.75
14157.0,392.44,3,130.81333333333333
14158.0,507.66,1,507.66
14159.0,4615.64,14,329.68857142857144
14161.0,1097.6200000000001,3,365.8733333333334
14162.0,289.36,2,144.68
14163.0,689.91,4,172.4775
14164.0,432.4,1,432.4
14165.0,120.44,1,120.44
14167.0,562.59,4,140.6475
14171.0,363.79,1,363.79
14173.0,315.84000000000003,4,78.96000000000001
14174.0,134.46,1,134.46
14175.0,2971.86,7,424.5514285714286
14176.0,574.0,5,114.8
14177.0,336.51,5,67.30199999999999
14178.0,1540.8600000000001,7,220.12285714285716
14179.0,701.57,2,350.785
14180.0,4259.02,31,137.3877419354839
14184.0,452.89,1,452.89
14185.0,32.65,1,32.65
14188.0,1831.71,10,183.171
14189.0,4320.87,24,180.03625
14191.0,4297.51,14,306.96500000000003
14193.0,779.39,2,389.695
14194.0,10086.09,31,325.3577419354839
14195.0,90.8,1,90.8
14196.0,90.72,1,90.72
14198.0,663.5,7,94.78571428571429
14199.0,10.2,1,10.2
14201.0,561.04,9,62.337777777777774
14204.0,150.61,1,150.61
14205.0,218.78,4,54.695
14206.0,308.26,2,154.13
14208.0,151.74,1,151.74
14209.0,1679.53,7,239.93285714285713
14210.0,1900.89,7,271.5557142857143
14211.0,1938.7,13,149.13076923076923
14212.0,151.2,1,151.2
14214.0,1000.23,7,142.89000000000001
14215.0,1777.92,7,253.98857142857145
14216.0,973.35,4,243.3375
14217.0,1729.88,24,72.07833333333333
14218.0,169.48000000000002,1,169.48000000000002
14219.0,89.94,1,89.94
14220.0,445.32,2,222.66
14221.0,3129.65,10,312.96500000000003
14222.0,683.17,1,683.17
14223.0,975.23,4,243.8075
14224.0,885.38,4,221.345
14226.0,930.14,7,132.87714285714284
14227.0,3244.91,15,216.3273333333333
14229.0,481.45,5,96.28999999999999
14231.0,822.0600000000001,4,205.51500000000001
14232.0,2043.93,8,255.49125
14233.0,671.3100000000001,5,134.262
14234.0,754.12,4,188.53
14235.0,1102.32,5,220.464
14236.0,180.06,2,90.03
14237.0,161.0,1,161.0
14238.0,146.85,1,146.85
14239.0,2282.55,13,175.58076923076925
14240.0,806.94,2,403.47
14241.0,147.3,1,147.3
14242.0,280.55,2,140.275
14243.0,2465.08,14,176.07714285714286
14245.0,1677.48,5,335.496
14246.0,1474.06,3,491.3533333333333
14247.0,136.76999999999998,1,136.76999999999998
14248.0,98.58,1,98.58
14250.0,1904.05,3,634.6833333333333
14251.0,1475.34,5,295.068
14256.0,935.0600000000001,3,311.68666666666667
14257.0,1925.37,6,320.895
14258.0,497.8,7,71.11428571428571
14259.0,120.0,1,120.0
14261.0,1092.65,2,546.325
14262.0,2354.11,8,294.26375
14264.0,319.47,3,106.49000000000001
14267.0,1111.29,7,158.75571428571428
14270.0,492.65000000000003,1,492.65000000000003
14271.0,112.32,1,112.32
14272.0,437.96,2,218.98
14273.0,559.97,4,139.9925
14276.0,1064.24,5,212.848
14280.0,134.04,1,134.04
14282.0,2909.2400000000002,15,193.94933333333336
14284.0,578.45,3,192.8166666666667
14285.0,344.93,4,86.2325
14286.0,4316.21,5,863.242
14287.0,151.23000000000002,4,37.807500000000005
14288.0,344.25,2,172.125
14289.0,776.26,6,129.37666666666667
14290.0,1793.49,6,298.915
14291.0,3693.9,12,307.825
14292.0,1603.83,14,114.5592857142857
14293.0,1046.56,4,261.64
14295.0,154.70000000000002,2,77.35000000000001
14297.0,1224.06,6,204.01
14298.0,34364.48,42,818.2019047619049
14299.0,2494.63,13,191.8946153846154
14300.0,43.2,1,43.2
14301.0,262.8,2,131.4
14304.0,197.1,2,98.55
14305.0,1803.76,5,360.752
14306.0,398.02,3,132.67333333333332
14307.0,2995.72,6,499.28666666666663
14309.0,1950.17,10,195.017
14311.0,229.71,2,114.855
14312.0,1545.59,6,257.5983333333333
14314.0,120.0,1,120.0
14315.0,2258.68,7,322.6685714285714
14317.0,442.58,1,442.58
14320.0,343.11,3,114.37
14321.0,1447.35,5,289.46999999999997
14323.0,574.26,4,143.565
14326.0,106.85000000000001,2,53.425000000000004
14327.0,240.85,1,240.85
14329.0,4788.76,13,368.36615384615385
14331.0,462.65999999999997,2,231.32999999999998
14332.0,493.17,3,164.39000000000001
14333.0,286.95,2,143.475
14334.0,2539.46,9,282.1622222222222
14336.0,1614.91,4,403.7275
14338.0,554.22,4,138.555
14339.0,228.71,4,57.1775
14340.0,134.7,1,134.7
14341.0,2065.16,9,229.4622222222222
14342.0,239.04999999999998,5,47.809999999999995
14344.0,757.9300000000001,8,94.74125000000001
14345.0,108.97999999999999,1,108.97999999999999
14346.0,936.58,2,468.29
14348.0,317.77,1,317.77
14349.0,133.5,1,133.5
14350.0,258.7,2,129.35
14351.0,51.0,1,51.0
14352.0,1008.16,4,252.04
14353.0,90.6,1,90.6
14354.0,163.62,2,81.81
14355.0,174.4,1,174.4
14356.0,487.54,4,121.885
14357.0,225.12,1,225.12
14359.0,882.58,6,147.09666666666666
14360.0,1982.03,4,495.5075
14362.0,151.5,1,151.5
14364.0,1034.25,8,129.28125
14367.0,7929.12,19,417.3221052631579
14368.0,155.0,1,155.0
14371.0,100.5,1,100.5
14373.0,76.55,1,76.55
14375.0,235.56,1,235.56
14377.0,160.85000000000002,2,80.42500000000001
14379.0,348.1,2,174.05
14381.0,202.68,1,202.68
14382.0,615.49,1,615.49
14383.0,1053.09,3,351.03
14385.0,202.11,3,67.37
14386.0,142.4,1,142.4
14387.0,1644.4,3,548.1333333333333
14388.0,3109.64,10,310.964
14389.0,793.32,5,158.66400000000002
14390.0,3311.51,13,254.7315384615385
14393.0,67.95,1,67.95
14395.0,3444.11,12,287.00916666666666
14396.0,487.99,2,243.995
14397.0,1681.1,23,73.09130434782608
14400.0,399.86,2,199.93
14401.0,2793.48,14,199.53428571428572
14403.0,111.21000000000001,4,27.802500000000002
14404.0,1311.62,6,218.60333333333332
14406.0,156.75,1,156.75
14407.0,983.6800000000001,9,109.29777777777778
14408.0,1759.03,7,251.29
14409.0,919.9300000000001,4,229.98250000000002
14410.0,608.45,15,40.56333333333334
14411.0,45.0,1,45.0
14412.0,679.73,3,226.57666666666668
14413.0,121.05,1,121.05
14414.0,1485.1299999999999,8,185.64124999999999
14415.0,5766.85,18,320.3805555555556
14416.0,189.5,2,94.75
14418.0,1761.69,3,587.23
14419.0,1051.79,6,175.29833333333332
14420.0,385.87,2,192.935
14421.0,413.46000000000004,2,206.73000000000002
14422.0,4117.84,6,686.3066666666667
14423.0,20.4,1,20.4
14426.0,2961.56,16,185.0975
14427.0,363.34000000000003,2,181.67000000000002
14428.0,1133.05,7,161.8642857142857
14431.0,346.76,2,173.38
14432.0,2149.5,6,358.25
14436.0,89.06,1,89.06
14437.0,63.0,1,63.0
14438.0,131.9,1,131.9
14440.0,1416.5800000000002,5,283.31600000000003
14441.0,1170.19,9,130.0211111111111
14443.0,1400.88,7,200.1257142857143
14446.0,1010.35,4,252.5875
14447.0,1163.23,5,232.64600000000002
14448.0,137.75,2,68.875
14449.0,885.8,4,221.45
14450.0,483.25,3,161.08333333333334
14451.0,643.9,2,321.95
14452.0,259.05,2,129.525
14453.0,119.93,1,119.93
14456.0,3002.5099999999998,14,214.46499999999997
14457.0,113.64,1,113.64
14459.0,632.2,1,632.2
14460.0,434.34,3,144.78
14461.0,1967.86,3,655.9533333333333
14462.0,1942.45,15,129.49666666666667
14463.0,99.6,3,33.199999999999996
14465.0,577.94,3,192.64666666666668
14466.0,1535.8,7,219.4
14467.0,596.26,4,149.065
14470.0,461.19,2,230.595
14472.0,1852.67,8,231.58375
14473.0,149.34000000000003,1,149.34000000000003
14474.0,537.71,2,268.855
14475.0,779.9200000000001,5,155.984
14476.0,193.0,1,193.0
14477.0,81.41,2,40.705
14479.0,316.25,2,158.125
14480.0,279.05,1,279.05
14481.0,636.51,2,318.255
14482.0,1197.81,6,199.635
14483.0,129.2,2,64.6
14484.0,321.92,1,321.92
14485.0,162.8,1,162.8
14487.0,1152.73,7,164.6757142857143
14488.0,764.23,2,382.115
14489.0,463.38,1,463.38
14491.0,340.93,2,170.465
14493.0,2303.44,7,329.0628571428571
14494.0,139.56,1,139.56
14495.0,123.8,2,61.9
14496.0,314.77,2,157.385
14497.0,457.47,2,228.735
14498.0,1592.0,5,318.4
14499.0,808.44,3,269.48
14500.0,114.45,3,38.15
14501.0,225.11,3,75.03666666666668
14502.0,2220.63,11,201.87545454545455
14503.0,2912.16,6,485.35999999999996
14504.0,673.26,4,168.315
14505.0,5738.39,10,573.839
14506.0,1960.65,5,392.13
14507.0,1115.28,6,185.88
14508.0,268.05,2,134.025
14511.0,1267.4099999999999,6,211.23499999999999
14512.0,275.28,2,137.64
14513.0,94.9,3,31.633333333333336
14514.0,870.5,3,290.1666666666667
14515.0,1745.99,6,290.99833333333333
14517.0,330.45,2,165.225
14518.0,174.37,1,174.37
14520.0,43.2,1,43.2
14522.0,165.85999999999999,2,82.92999999999999
14523.0,241.09,1,241.09
14524.0,1597.43,9,177.49222222222224
14525.0,2935.97,13,225.84384615384613
14527.0,7649.9,84,91.0702380952381
14528.0,364.21999999999997,1,364.21999999999997
14529.0,578.61,3,192.87
14530.0,2687.81,6,447.9683333333333
14532.0,932.85,4,233.2125
14533.0,1214.94,8,151.8675
14534.0,3716.2,24,154.84166666666667
14535.0,2831.7400000000002,4,707.9350000000001
14536.0,170.95,1,170.95
14537.0,355.56,1,355.56
14538.0,388.25,2,194.125
14539.0,537.48,2,268.74
14540.0,952.66,3,317.55333333333334
14541.0,1180.5,8,147.5625
14542.0,103.25,1,103.25
14543.0,776.97,21,36.99857142857143
14544.0,1519.02,2,759.51
14546.0,2482.86,9,275.87333333333333
14547.0,3866.75,9,429.6388888888889
14549.0,289.24,1,289.24
14550.0,598.01,2,299.005
14551.0,186.23,2,93.115
14552.0,164.22,1,164.22
14553.0,694.27,5,138.85399999999998
14554.0,2077.29,4,519.3225
14555.0,251.7,2,125.85
14557.0,129.3,2,64.65
14560.0,1430.16,22,65.00727272727273
14561.0,1080.76,3,360.25333333333333
14562.0,4062.57,20,203.1285
14565.0,2701.37,6,450.2283333333333
14567.0,782.5,3,260.8333333333333
14569.0,104.99,1,104.99
14570.0,140.71,2,70.355
14572.0,2474.4900000000002,10,247.449
14573.0,1590.12,13,122.31692307692308
14576.0,35.400000000000006,1,35.400000000000006
14577.0,859.71,4,214.9275
14578.0,168.63,1,168.63
14581.0,138.6,1,138.6
14582.0,114.11,1,114.11
14583.0,986.96,5,197.392
14584.0,956.26,5,191.252
14585.0,157.05,1,157.05
14586.0,134.16,3,44.72
14587.0,1577.39,10,157.739
14589.0,39.75,1,39.75
14591.0,1320.21,4,330.0525
14592.0,557.94,3,185.98000000000002
14593.0,542.15,3,180.71666666666667
14594.0,363.33,2,181.665
14595.0,1681.6,6,280.26666666666665
14597.0,414.9,2,207.45
14598.0,221.97,1,221.97
14600.0,393.33000000000004,1,393.33000000000004
14601.0,123.96000000000001,1,123.96000000000001
14606.0,10969.59,127,86.37472440944882
14607.0,45.300000000000004,1,45.300000000000004
14608.0,184.95000000000002,3,61.650000000000006
14616.0,10.08,1,10.08
14618.0,393.99,4,98.4975
14619.0,379.51,2,189.755
14620.0,393.28000000000003,3,131.09333333333333
14621.0,1706.3600000000001,6,284.3933333333334
14622.0,320.58000000000004,1,320.58000000000004
14623.0,806.8,6,134.46666666666667
14624.0,225.85,2,112.925
14625.0,848.48,5,169.696
14626.0,2288.4700000000003,7,326.92428571428576
14627.0,-21.85,1,-21.85
14628.0,471.96000000000004,2,235.98000000000002
14629.0,935.46,3,311.82
14631.0,654.18,3,218.05999999999997
14632.0,114.56,1,114.56
14633.0,344.90000000000003,1,344.90000000000003
14636.0,609.85,2,304.925
14638.0,443.6,1,443.6
14639.0,2892.34,8,361.5425
14640.0,2024.45,8,253.05625
14641.0,110.46,1,110.46
14642.0,19.8,1,19.8
14643.0,517.41,3,172.47
14644.0,396.02000000000004,4,99.00500000000001
14645.0,495.09000000000003,2,247.54500000000002
14647.0,137.04,1,137.04
14649.0,1239.39,4,309.8475
14651.0,653.75,2,326.875
14652.0,114.18,1,114.18
14653.0,1765.75,7,252.25
14655.0,968.75,5,193.75
14656.0,291.05,2,145.525
14657.0,838.27,5,167.654
14658.0,247.15,2,123.575
14659.0,2456.53,12,204.71083333333334
14660.0,204.38,2,102.19
14661.0,41.05,1,41.05
14662.0,741.37,4,185.3425
14664.0,636.24,2,318.12
14665.0,1257.98,6,209.66333333333333
14666.0,195.25,1,195.25
14667.0,7753.25,27,287.1574074074074
14669.0,1259.24,3,419.74666666666667
14670.0,392.86,2,196.43
14672.0,765.55,2,382.775
14673.0,1315.2,5,263.04
14675.0,535.52,1,535.52
14676.0,651.88,7,93.12571428571428
14679.0,-2.55,1,-2.55
14680.0,2372.85,21,112.99285714285713
14681.0,98.95,2,49.475
14682.0,52.0,2,26.0
14684.0,1140.31,5,228.06199999999998
14687.0,257.82,1,257.82
14688.0,3384.86,26,130.18692307692308
14689.0,112.8,1,112.8
14690.0,341.96,3,113.98666666666666
14691.0,1074.07,4,268.5175
14692.0,582.05,5,116.41
14693.0,45.4,1,45.4
14696.0,2070.97,9,230.10777777777776
14697.0,188.60999999999999,2,94.30499999999999
14698.0,1217.27,5,243.454
14699.0,109.13000000000001,1,109.13000000000001
14700.0,2011.5,3,670.5
14701.0,1997.09,12,166.42416666666665
14702.0,3191.9900000000002,17,187.76411764705884
14703.0,318.17,1,318.17
14704.0,1493.96,9,165.99555555555557
14708.0,475.55,3,158.51666666666668
14709.0,4786.34,14,341.88142857142856
14710.0,599.48,4,149.87
14711.0,1947.02,12,162.25166666666667
14712.0,183.87,2,91.935
14713.0,2456.1,12,204.67499999999998
14714.0,79.55,1,79.55
14715.0,799.88,4,199.97
14716.0,307.51,2,153.755
14719.0,1571.89,6,261.9816666666667
14720.0,603.81,3,201.26999999999998
14722.0,180.42000000000002,1,180.42000000000002
14723.0,1122.3600000000001,6,187.06000000000003
14725.0,577.58,1,577.58
14727.0,268.58,1,268.58
14729.0,313.49,1,313.49
14730.0,1897.57,8,237.19625
14731.0,380.02,3,126.67333333333333
14732.0,2437.64,10,243.76399999999998
14733.0,3542.56,15,236.17066666666668
14735.0,4362.75,32,136.3359375
14737.0,281.55,3,93.85000000000001
14738.0,1078.74,9,119.86
14739.0,787.3199999999999,8,98.41499999999999
14740.0,1355.41,4,338.8525
14741.0,1113.69,6,185.615
14744.0,226.03,8,28.25375
14745.0,1149.46,5,229.892
14747.0,294.3,2,147.15
14748.0,1408.69,6,234.78166666666667
14752.0,121.44,1,121.44
14753.0,563.15,1,563.15
14754.0,638.05,2,319.025
14755.0,4827.13,12,402.2608333333333
14756.0,738.96,1,738.96
14757.0,420.5,1,420.5
14758.0,1424.36,4,356.09
14759.0,1625.97,3,541.99
14760.0,53.8,2,26.9
14761.0,255.9,2,127.95
14762.0,300.52,1,300.52
14764.0,94.55,2,47.275
14765.0,254.11,3,84.70333333333333
14766.0,2423.07,8,302.88375
14768.0,133.20000000000002,1,133.20000000000002
14769.0,10149.47,10,1014.9469999999999
14770.0,876.42,2,438.21
14772.0,139.26,1,139.26
14775.0,1011.9,3,337.3
14776.0,1765.98,13,135.8446153846154
14777.0,-17.45,2,-8.725
14778.0,671.46,2,335.73
14779.0,386.15,3,128.71666666666667
14780.0,447.68,2,223.84
14782.0,110.10000000000001,1,110.10000000000001
14784.0,289.99,2,144.995
14785.0,77.4,2,38.7
14788.0,533.49,2,266.745
14789.0,138.24,1,138.24
14790.0,660.0600000000001,4,165.01500000000001
14792.0,0.0,2,0.0
14793.0,214.14,2,107.07
14794.0,1212.31,9,134.70111111111112
14795.0,131.45000000000002,1,131.45000000000002
14796.0,7348.06,26,282.6176923076923
14798.0,173.74,3,57.913333333333334
14799.0,157.7,1,157.7
14800.0,4109.39,15,273.95933333333335
14801.0,189.34,1,189.34
14803.0,303.15,3,101.05
14804.0,289.52,1,289.52
14805.0,475.6,4,118.9
14806.0,193.39000000000001,1,193.39000000000001
14808.0,1822.47,11,165.67909090909092
14810.0,2085.33,11,189.57545454545453
14813.0,152.88,2,76.44
14815.0,778.5,2,389.25
14816.0,21.85,1,21.85
14817.0,1110.34,2,555.17
14818.0,507.8,3,169.26666666666668
14819.0,272.07,2,136.035
14820.0,507.29,4,126.8225
14821.0,48.800000000000004,1,48.800000000000004
14823.0,321.43,3,107.14333333333333
14824.0,636.71,4,159.1775
14825.0,2136.01,12,178.00083333333336
14828.0,148.32,3,49.44
14829.0,644.65,6,107.44166666666666
14830.0,188.88,1,188.88
14834.0,1371.07,8,171.38375
14836.0,102.44999999999999,3,34.15
14837.0,1641.2,5,328.24
14840.0,62.85,1,62.85
14841.0,3235.28,6,539.2133333333334
14842.0,2392.12,7,341.7314285714286
14844.0,2294.81,4,573.7025
14847.0,309.4,1,309.4
14849.0,7140.42,28,255.01500000000001
14850.0,325.75,1,325.75
14851.0,448.35,2,224.175
14852.0,2836.69,6,472.7816666666667
14853.0,112.65,3,37.550000000000004
14854.0,2046.69,8,255.83625
14855.0,563.15,2,281.575
14856.0,1025.21,3,341.7366666666667
14857.0,1165.65,3,388.55
14859.0,1292.24,5,258.448
14860.0,168.62,2,84.31
14861.0,125.79,1,125.79
14862.0,841.1999999999999,2,420.59999999999997
14863.0,202.07999999999998,1,202.07999999999998
14865.0,52.2,2,26.1
14866.0,438.89,8,54.86125
14867.0,701.33,4,175.3325
14868.0,2880.2400000000002,9,320.0266666666667
14869.0,717.7,3,239.23333333333335
14870.0,246.25,1,246.25
14871.0,501.28000000000003,4,125.32000000000001
14873.0,519.68,1,519.68
14875.0,746.12,5,149.224
14878.0,1102.89,9,122.54333333333335
14880.0,690.59,3,230.1966666666667
14881.0,255.4,1,255.4
14882.0,246.8,2,123.4
14883.0,756.64,7,108.09142857142857
14885.0,381.32,1,381.32
14886.0,364.8,1,364.8
14888.0,369.2,1,369.2
14889.0,135.9,1,135.9
14890.0,125.65,1,125.65
14891.0,554.38,2,277.19
14893.0,1237.8500000000001,2,618.9250000000001
14894.0,437.15000000000003,1,437.15000000000003
14895.0,9650.36,24,402.09833333333336
14896.0,468.77000000000004,2,234.38500000000002
14897.0,1283.18,4,320.795
14898.0,1060.27,7,151.46714285714285
14901.0,1220.79,10,122.079
14902.0,314.11,2,157.055
14903.0,2729.18,10,272.918
14904.0,847.12,2,423.56
14905.0,284.3,3,94.76666666666667
14907.0,3165.23,10,316.523
14908.0,198.2,1,198.2
14910.0,389.86,7,55.69428571428572
14913.0,1155.43,4,288.8575
14915.0,224.07999999999998,2,112.03999999999999
14916.0,1264.84,5,252.968
14918.0,913.5500000000001,2,456.77500000000003
14920.0,977.77,2,488.885
14921.0,1316.07,2,658.035
14923.0,749.1,1,749.1
14924.0,185.05,1,185.05
14929.0,223.88,1,223.88
14944.0,3401.35,13,261.64230769230767
14946.0,100.9,1,100.9
14947.0,290.82,2,145.41
14948.0,1042.27,6,173.71166666666667
14950.0,361.25,2,180.625
14951.0,311.69,1,311.69
14952.0,1597.09,10,159.709
14953.0,285.67,1,285.67
14954.0,294.85,1,294.85
14957.0,58.49,1,58.49
14958.0,483.72999999999996,3,161.2433333333333
14959.0,684.97,5,136.994
14960.0,153.77,2,76.885
14961.0,6004.88,12,500.4066666666667
14962.0,56.5,1,56.5
14963.0,1256.34,5,251.26799999999997
14964.0,104.45,1,104.45
14965.0,521.09,2,260.545
14966.0,183.02,1,183.02
14967.0,80.4,1,80.4
14968.0,147.59,1,147.59
14970.0,228.86,2,114.43
14971.0,1097.98,3,365.99333333333334
14972.0,114.77,1,114.77
14973.0,564.45,3,188.15
14974.0,89.94,1,89.94
14975.0,279.94,1,279.94
14976.0,765.86,8,95.7325
14978.0,1921.3700000000001,5,384.274
14981.0,102.12,1,102.12
14984.0,202.37,2,101.185
14985.0,292.01,2,146.005
14988.0,334.54,1,334.54
14995.0,231.98000000000002,2,115.99000000000001
14997.0,540.98,4,135.245
14998.0,414.87,2,207.435
15000.0,490.52,1,490.52
15002.0,1461.16,4,365.29
15004.0,1108.27,1,1108.27
15005.0,6160.54,35,176.01542857142857
15006.0,480.38,1,480.38
15007.0,156.91,1,156.91
15009.0,1259.43,3,419.81
15010.0,308.94,1,308.94
15012.0,405.04,2,202.52
15014.0,175.17000000000002,2,87.58500000000001
15016.0,170.04,1,170.04
15017.0,125.58,1,125.58
15018.0,496.21000000000004,3,165.40333333333334
15019.0,252.81,1,252.81
15021.0,1829.23,13,140.71
15022.0,852.39,4,213.0975
15023.0,5909.41,11,537.2190909090909
15024.0,1636.43,10,163.643
15025.0,361.96,1,361.96
15026.0,392.5,3,130.83333333333334
15027.0,616.35,6,102.72500000000001
15028.0,568.13,4,142.0325
15030.0,51.0,1,51.0
15031.0,581.19,4,145.2975
15032.0,339.1,3,113.03333333333335
15033.0,2541.53,11,231.04818181818183
15034.0,3560.71,11,323.7009090909091
15035.0,252.73000000000002,1,252.73000000000002
15036.0,429.56,3,143.18666666666667
15038.0,645.84,7,92.26285714285714
15039.0,14791.3,50,295.82599999999996
15041.0,179.93,1,179.93
15042.0,59.43,1,59.43
15044.0,7297.9800000000005,22,331.72636363636366
15045.0,79.96000000000001,2,39.980000000000004
15046.0,2780.84,15,185.38933333333335
15047.0,343.62,1,343.62
15048.0,377.52,5,75.50399999999999
15049.0,40.050000000000004,1,40.050000000000004
15050.0,1317.21,4,329.3025
15051.0,1297.56,3,432.52
15052.0,127.83,1,127.83
15053.0,693.95,3,231.3166666666667
15054.0,302.1,2,151.05
15057.0,480.0,2,240.0
15058.0,2102.54,11,191.14
15059.0,1325.82,11,120.5290909090909
15060.0,294.25,4,73.5625
15061.0,4056.5299999999997,36,112.68138888888888
15062.0,987.86,4,246.965
15063.0,115.6,1,115.6
15065.0,2826.58,6,471.09666666666664
15066.0,694.19,2,347.095
15067.0,1397.22,3,465.74
15068.0,553.36,2,276.68
15069.0,1109.53,1,1109.53
15071.0,374.46999999999997,2,187.23499999999999
15073.0,597.55,4,149.3875
15074.0,735.67,1,735.67
15075.0,543.27,1,543.27
15076.0,880.85,1,880.85
15078.0,9560.95,38,251.60394736842107
15079.0,658.5600000000001,4,164.64000000000001
15081.0,487.35,6,81.22500000000001
15083.0,88.2,1,88.2
15087.0,246.46,1,246.46
15088.0,1055.27,3,351.75666666666666
15089.0,2169.4900000000002,6,361.5816666666667
15090.0,381.32,1,381.32
15091.0,476.96,2,238.48
15092.0,457.81,2,228.905
15093.0,1262.8,9,140.3111111111111
15095.0,1245.0,5,249.0
15096.0,219.39000000000001,1,219.39000000000001
15097.0,248.08,1,248.08
15099.0,330.8,1,330.8
15100.0,-32.849999999999994,1,-32.849999999999994
15101.0,143.23000000000002,3,47.74333333333334
15103.0,618.36,2,309.18
15104.0,968.64,3,322.88
15105.0,1576.31,7,225.18714285714285
15106.0,1407.73,7,201.1042857142857
15107.0,298.65999999999997,8,37.332499999999996
15109.0,463.75,2,231.875
15110.0,594.0500000000001,7,84.86428571428573
15111.0,1567.48,3,522.4933333333333
15113.0,1836.3799999999999,2,918.1899999999999
15114.0,2760.56,10,276.056
15115.0,340.11,1,340.11
15116.0,929.63,4,232.4075
15117.0,1198.13,6,199.68833333333336
15119.0,266.4,1,266.4
15120.0,343.82,2,171.91
15121.0,457.72,2,228.86
15122.0,1612.13,6,268.68833333333333
15123.0,1915.69,2,957.845
15124.0,184.19,2,92.095
15125.0,1026.73,13,78.97923076923077
15127.0,346.53,1,346.53
15128.0,1419.54,8,177.4425
15129.0,1567.12,10,156.712
15130.0,330.11,1,330.11
15132.0,806.8100000000001,5,161.36200000000002
15133.0,498.02,3,166.00666666666666
15134.0,1387.99,8,173.49875
15135.0,127.15,2,63.575
15136.0,1282.45,5,256.49
15139.0,178.96,2,89.48
15140.0,1770.76,8,221.345
15142.0,498.74,1,498.74
15143.0,259.45,1,259.45
15144.0,4781.64,16,298.8525
15145.0,1126.73,4,281.6825
15146.0,1232.06,3,410.68666666666667
15147.0,521.05,2,260.525
15148.0,301.29,1,301.29
15149.0,393.90000000000003,1,393.90000000000003
15150.0,5280.83,11,480.07545454545453
15152.0,4684.24,16,292.765
15153.0,329.25,1,329.25
15154.0,224.73,2,112.365
15156.0,961.49,3,320.49666666666667
15157.0,1722.1,5,344.41999999999996
15158.0,144.36,1,144.36
15159.0,13379.17,34,393.505
15160.0,51.96,1,51.96
15163.0,235.17000000000002,2,117.58500000000001
15164.0,824.58,3,274.86
15165.0,487.75,1,487.75
15167.0,158.8,1,158.8
15168.0,106.56,1,106.56
15172.0,1624.05,5,324.81
15174.0,135.75,1,135.75
15175.0,224.14,1,224.14
15178.0,40.5,1,40.5
15179.0,1580.44,5,316.088
15180.0,87.5,1,87.5
15181.0,216.87999999999997,4,54.21999999999999
15182.0,622.85,2,311.425
15184.0,402.2,2,201.1
15185.0,230.72,1,230.72
15186.0,411.41,2,205.705
15187.0,1482.3799999999999,12,123.53166666666665
15189.0,1950.3400000000001,41,47.56926829268293
15192.0,911.72,3,303.9066666666667
15193.0,357.72,1,357.72
15194.0,5764.56,22,262.0254545454546
15197.0,472.84,4,118.21
15198.0,193.64,2,96.82
15199.0,179.85000000000002,3,59.95000000000001
15201.0,906.59,11,82.41727272727273
15203.0,1827.8,6,304.6333333333333
15204.0,189.18,1,189.18
15205.0,561.23,3,187.07666666666668
15206.0,53.10000000000001,2,26.550000000000004
15208.0,801.62,6,133.60333333333332
15210.0,331.18,1,331.18
15211.0,894.4100000000001,2,447.20500000000004
15212.0,88.94999999999999,2,44.474999999999994
15213.0,325.05,3,108.35000000000001
15214.0,1661.44,8,207.68
15215.0,553.59,6,92.265
15216.0,33.0,1,33.0
15218.0,2714.79,9,301.6433333333333
15219.0,136.75,1,136.75
15220.0,1758.92,7,251.27428571428572
15221.0,19.449999999999996,2,9.724999999999998
15222.0,58.0,1,58.0
15223.0,160.60000000000002,3,53.53333333333334
15224.0,242.48,3,80.82666666666667
15225.0,409.40000000000003,1,409.40000000000003
15226.0,154.41,1,154.41
15227.0,1219.4,5,243.88000000000002
15228.0,2795.98,5,559.196
15230.0,310.8,1,310.8
15232.0,612.06,2,306.03
15234.0,197.0,1,197.0
15235.0,2247.51,12,187.29250000000002
15236.0,231.05,1,231.05
15237.0,1412.32,4,353.08
15238.0,712.94,5,142.58800000000002
15239.0,764.34,3,254.78
15240.0,1625.57,7,232.2242857142857
15241.0,1653.59,9,183.73222222222222
15243.0,316.68,1,316.68
15244.0,560.77,2,280.385
15245.0,1587.94,3,529.3133333333334
15246.0,514.15,2,257.075
15247.0,45.199999999999996,1,45.199999999999996
15249.0,6300.96,15,420.064
15251.0,413.84000000000003,8,51.730000000000004
15252.0,740.78,2,370.39
15253.0,915.3,6,152.54999999999998
15254.0,300.36,1,300.36
15255.0,807.45,1,807.45
15256.0,98.45,1,98.45
15257.0,152.14999999999998,1,152.14999999999998
15258.0,623.16,2,311.58
15260.0,1718.27,8,214.78375
15261.0,254.82,1,254.82
15262.0,178.95000000000002,1,178.95000000000002
15263.0,156.51,1,156.51
15264.0,393.74,1,393.74
15265.0,1442.37,2,721.185
15266.0,119.3,1,119.3
15270.0,699.6600000000001,9,77.74000000000001
15271.0,2472.09,16,154.505625
15272.0,721.94,2,360.97
15274.0,716.57,2,358.285
15275.0,609.19,2,304.595
15276.0,128.63,1,128.63
15277.0,255.89999999999998,1,255.89999999999998
15279.0,277.40999999999997,2,138.70499999999998
15280.0,113.12,1,113.12
15281.0,2239.9500000000003,12,186.66250000000002
15287.0,251.84,3,83.94666666666667
15288.0,1522.02,5,304.404
15289.0,745.26,4,186.315
15290.0,4588.68,21,218.50857142857143
15291.0,1501.74,16,93.85875
15292.0,178.39,1,178.39
15296.0,3282.47,10,328.24699999999996
15297.0,635.04,4,158.76
15298.0,3556.38,11,323.30727272727273
15299.0,-6.01,1,-6.01
15300.0,496.44,1,496.44
15301.0,4208.22,13,323.70923076923077
15303.0,574.02,1,574.02
15304.0,603.8000000000001,10,60.38000000000001
15306.0,1072.35,3,357.45
15307.0,205.3,1,205.3
15308.0,302.27,2,151.135
15311.0,13809.91,113,122.21159292035398
15312.0,839.5,5,167.9
15313.0,52.0,1,52.0
15314.0,327.97,1,327.97
15315.0,551.54,3,183.84666666666666
15318.0,312.62,1,312.62
15319.0,204.5,1,204.5
15320.0,197.53,1,197.53
15321.0,2207.98,4,551.995
15322.0,602.97,2,301.485
15325.0,161.74,1,161.74
15326.0,311.71,1,311.71
15327.0,208.75,1,208.75
15329.0,929.0,5,185.8
15330.0,227.76,2,113.88
15333.0,238.0,1,238.0
15334.0,350.82,3,116.94
15335.0,170.22,1,170.22
15339.0,557.57,3,185.85666666666668
15342.0,391.76,2,195.88
15343.0,364.5,1,364.5
15344.0,476.58,5,95.316
15345.0,367.69,2,183.845
15346.0,252.42000000000002,1,252.42000000000002
15347.0,81.60000000000001,1,81.60000000000001
15348.0,158.04,1,158.04
15349.0,463.90999999999997,2,231.95499999999998
15350.0,115.65,1,115.65
15351.0,1836.69,10,183.669
15353.0,629.87,2,314.935
15355.0,277.05,2,138.525
15356.0,2718.03,10,271.803
15358.0,7968.65,29,274.7810344827586
15360.0,427.93,1,427.93
15361.0,139.8,1,139.8
15363.0,318.05,2,159.025
15364.0,452.63,2,226.315
15365.0,1349.97,8,168.74625
15366.0,602.51,2,301.255
15367.0,1796.29,5,359.258
15368.0,16.5,1,16.5
15370.0,1638.05,8,204.75625
15372.0,528.9599999999999,1,528.9599999999999
15373.0,1833.01,13,141.00076923076924
15374.0,76.2,1,76.2
15376.0,1221.56,3,407.18666666666667
15379.0,3554.79,8,444.34875
15380.0,474.26,5,94.852
15381.0,143.1,1,143.1
15382.0,5588.26,8,698.5325
15384.0,635.76,3,211.92
15385.0,158.96,1,158.96
15386.0,394.14,1,394.14
15392.0,1289.77,5,257.954
15393.0,231.86,2,115.93
15394.0,1975.64,4,493.91
15395.0,107.45,1,107.45
15396.0,220.18,1,220.18
15397.0,94.0,1,94.0
15398.0,1339.63,3,446.54333333333335
15399.0,815.77,3,271.92333333333335
15400.0,99.7,3,33.233333333333334
15402.0,626.77,2,313.385
15405.0,84.14,1,84.14
15406.0,426.61,4,106.6525
15407.0,784.24,4,196.06
15408.0,267.18,1,267.18
15410.0,2579.94,8,322.4925
15411.0,1336.43,5,267.286
15412.0,88.53,1,88.53
15414.0,656.1,3,218.70000000000002
15415.0,559.61,1,559.61
15416.0,3588.87,5,717.774
15417.0,508.8,1,508.8
15419.0,135.86,1,135.86
15421.0,950.36,4,237.59
15422.0,97.7,2,48.85
15423.0,43.5,1,43.5
15424.0,322.86,2,161.43
15426.0,1305.22,7,186.46
15427.0,1430.54,3,476.84666666666664
15428.0,93.78,1,93.78
15429.0,364.90000000000003,3,121.63333333333334
15432.0,171.19,1,171.19
15433.0,417.87,3,139.29
15434.0,817.48,6,136.24666666666667
15435.0,149.29,1,149.29
15436.0,1067.75,3,355.9166666666667
15437.0,200.16,1,200.16
15438.0,156.57999999999998,1,156.57999999999998
15440.0,383.68,3,127.89333333333333
15443.0,3188.84,8,398.605
15444.0,1411.21,2,705.605
15445.0,113.5,1,113.5
15447.0,155.17,1,155.17
15448.0,494.64,1,494.64
15449.0,971.22,5,194.244
15450.0,429.84,1,429.84
15452.0,528.48,3,176.16
15453.0,1371.77,7,195.96714285714285
15454.0,179.1,1,179.1
15456.0,434.59000000000003,3,144.86333333333334
15457.0,237.07,1,237.07
15458.0,161.64,1,161.64
15460.0,214.26,1,214.26
15462.0,234.6,3,78.2
15463.0,126.14,1,126.14
15464.0,984.75,1,984.75
15465.0,1183.58,20,59.178999999999995
15466.0,334.53,1,334.53
15467.0,511.88,4,127.97
15468.0,438.46,5,87.692
15469.0,421.3,4,105.325
15471.0,372.88,1,372.88
15472.0,371.56,1,371.56
15475.0,454.10999999999996,1,454.10999999999996
15478.0,809.22,2,404.61
15482.0,1199.58,11,109.05272727272727
15483.0,225.26,4,56.315
15484.0,2542.38,5,508.476
15485.0,1506.64,3,502.21333333333337
15488.0,15.0,1,15.0
15489.0,849.79,4,212.4475
15491.0,2717.5,7,388.2142857142857
15492.0,659.4599999999999,2,329.72999999999996
15493.0,1918.86,7,274.12285714285713
15494.0,1221.18,2,610.59
15497.0,188.3,3,62.76666666666667
15498.0,8383.41,29,289.08310344827584
15500.0,1131.56,4,282.89
15502.0,3324.88,21,158.32761904761907
15503.0,141.04,1,141.04
15504.0,52.83,1,52.83
15505.0,1190.78,5,238.156
15506.0,852.08,3,284.0266666666667
15507.0,475.86,1,475.86
15508.0,1000.27,6,166.71166666666667
15511.0,900.53,5,180.106
15512.0,121.0,2,60.5
15513.0,3971.33,18,220.62944444444443
15514.0,1784.24,12,148.68666666666667
15516.0,62.43,3,20.81
15517.0,267.03,1,267.03
15518.0,1890.99,13,145.46076923076924
15520.0,343.5,1,343.5
15521.0,2024.1599999999999,10,202.416
15522.0,397.99,2,198.995
15523.0,97.01,1,97.01
15525.0,719.47,4,179.8675
15526.0,29.04,2,14.52
15527.0,1789.77,9,198.86333333333334
15528.0,229.33,1,229.33
15529.0,3875.75,12,322.9791666666667
15530.0,1497.31,4,374.3275
15531.0,1972.39,2,986.195
15532.0,1500.88,6,250.14666666666668
15533.0,714.52,5,142.904
15535.0,477.4,6,79.56666666666666
15537.0,110.92,1,110.92
15539.0,417.26,1,417.26
15540.0,213.3,1,213.3
15541.0,85.13000000000001,1,85.13000000000001
15543.0,127.86,1,127.86
15544.0,3542.51,11,322.04636363636365
15545.0,288.96999999999997,2,144.48499999999999
15547.0,4649.0,14,332.07142857142856
15549.0,1556.66,3,518.8866666666667
15550.0,575.63,4,143.9075
15551.0,436.06,1,436.06
15552.0,90.12,1,90.12
15553.0,428.93,1,428.93
15554.0,217.2,1,217.2
15555.0,4594.89,20,229.74450000000002
15556.0,279.77,1,279.77
15557.0,378.91,1,378.91
15561.0,462.78999999999996,5,92.55799999999999
15563.0,1299.89,6,216.64833333333334
15565.0,173.16,2,86.58
15567.0,86.17,1,86.17
15568.0,658.69,3,219.56333333333336
15569.0,71.91,2,35.955
15570.0,4093.27,13,314.86692307692306
15571.0,418.38,4,104.595
15572.0,2268.77,7,324.11
15573.0,591.1899999999999,2,295.59499999999997
15574.0,675.64,4,168.91
15576.0,592.33,1,592.33
15577.0,258.88,3,86.29333333333334
15578.0,127.1,1,127.1
15579.0,327.6,2,163.8
15581.0,717.4300000000001,10,71.74300000000001
15582.0,682.9100000000001,3,227.63666666666668
15584.0,718.36,5,143.672
15585.0,455.3,1,455.3
15587.0,61.199999999999996,2,30.599999999999998
15589.0,456.58,4,114.145
15590.0,-30.19,1,-30.19
15592.0,328.58,1,328.58
15593.0,45.0,1,45.0
15594.0,1767.53,6,294.5883333333333
15596.0,1343.34,9,149.26
15597.0,315.71999999999997,2,157.85999999999999
15598.0,235.68,3,78.56
15599.0,761.74,2,380.87
15601.0,6412.76,17,377.22117647058826
15602.0,699.83,11,63.620909090909095
15603.0,48.480000000000004,1,48.480000000000004
15604.0,216.39,1,216.39
15605.0,1198.23,5,239.64600000000002
15606.0,1720.8400000000001,11,156.44000000000003
15607.0,104.76,1,104.76
15608.0,986.4,4,246.6
15609.0,270.03000000000003,2,135.01500000000001
15610.0,112.46000000000001,1,112.46000000000001
15611.0,919.1,14,65.65
15612.0,105.9,2,52.95
15615.0,7409.24,26,284.97076923076924
15618.0,747.031,5,149.40619999999998
15620.0,1524.4,6,254.0666666666667
15621.0,61.85,2,30.925
15622.0,3402.68,15,226.84533333333331
15623.0,301.03,1,301.03
15624.0,588.13,4,147.0325
15625.0,1254.96,8,156.87
15626.0,675.8,2,337.9
15628.0,2799.64,10,279.964
15630.0,1061.2,3,353.73333333333335
15632.0,2575.81,10,257.581
15634.0,243.55,1,243.55
15636.0,583.6600000000001,2,291.83000000000004
15637.0,223.36,1,223.36
15638.0,-34.0,1,-34.0
15639.0,425.32,1,425.32
15640.0,8600.36,17,505.90352941176474
15641.0,1827.8,4,456.95
15643.0,581.0,6,96.83333333333333
15644.0,803.54,4,200.885
15645.0,530.4100000000001,1,530.4100000000001
15646.0,425.14000000000004,4,106.28500000000001
15648.0,633.0500000000001,4,158.26250000000002
15651.0,492.38,3,164.12666666666667
15652.0,337.74,1,337.74
15653.0,48.0,1,48.0
15654.0,424.11,2,212.055
15655.0,511.32,2,255.66
15656.0,748.5,4,187.125
15657.0,30.0,1,30.0
15658.0,882.4,8,110.3
15659.0,306.45,1,306.45
15660.0,1591.61,11,144.69181818181818
15661.0,19.8,1,19.8
15663.0,138.14,1,138.14
15664.0,358.63,2,179.315
15665.0,2150.81,2,1075.405
15667.0,301.32,1,301.32
15669.0,505.85,5,101.17
15670.0,173.05,1,173.05
15671.0,1232.09,10,123.20899999999999
15673.0,2172.87,4,543.2175
15674.0,1821.8700000000001,6,303.64500000000004
15675.0,323.69,3,107.89666666666666
15676.0,3260.49,5,652.098
15677.0,657.23,1,657.23
15678.0,290.3,1,290.3
15679.0,781.28,4,195.32
15680.0,1271.28,3,423.76
15681.0,1071.38,6,178.56333333333336
15683.0,193.75,1,193.75
15687.0,2981.5,11,271.04545454545456
15689.0,173.1,2,86.55
15690.0,239.76,2,119.88
15691.0,45.0,1,45.0
15692.0,191.04,1,191.04
15694.0,865.66,10,86.566
15695.0,409.98,2,204.99
15696.0,2619.11,12,218.2591666666667
15699.0,309.65,1,309.65
15700.0,664.03,3,221.34333333333333
15701.0,1529.0,4,382.25
15703.0,104.4,1,104.4
15704.0,1847.82,4,461.955
15705.0,83.1,1,83.1
15706.0,899.8100000000001,6,149.96833333333333
15707.0,916.98,4,229.245
15708.0,3017.33,11,274.3027272727273
15709.0,133.25,1,133.25
15712.0,871.0,4,217.75
15713.0,346.75,3,115.58333333333333
15714.0,330.03000000000003,2,165.01500000000001
15716.0,890.39,4,222.5975
15717.0,150.3,1,150.3
15719.0,5028.42,14,359.17285714285714
15720.0,536.33,1,536.33
15721.0,400.6,1,400.6
15722.0,1051.82,5,210.36399999999998
15723.0,190.7,1,190.7
15724.0,212.3,3,70.76666666666667
15725.0,415.25,1,415.25
15727.0,4333.26,7,619.0371428571428
15728.0,-62.55,1,-62.55
15729.0,62.0,2,31.0
15730.0,1108.38,4,277.095
15732.0,294.12,2,147.06
15733.0,162.3,1,162.3
15734.0,538.0,2,269.0
15737.0,1121.21,12,93.43416666666667
15738.0,3553.77,19,187.04052631578946
15739.0,236.24,1,236.24
15740.0,154.88,1,154.88
15743.0,775.96,4,193.99
15744.0,34.8,1,34.8
15745.0,1011.84,6,168.64000000000001
15746.0,182.96,2,91.48
15747.0,737.84,3,245.9466666666667
15748.0,144.36,1,144.36
15750.0,2448.8,9,272.0888888888889
15752.0,2618.15,8,327.26875
15754.0,455.67,4,113.9175
15755.0,2318.88,8,289.86
15756.0,528.01,4,132.0025
15757.0,714.42,2,357.21
15758.0,205.25,1,205.25
15759.0,117.03999999999999,2,58.519999999999996
15762.0,583.75,2,291.875
15763.0,968.77,3,322.92333333333335
15764.0,2966.88,10,296.688
15766.0,131.46,1,131.46
15768.0,371.83,3,123.94333333333333
15769.0,40.68,1,40.68
15773.0,147.52,1,147.52
15774.0,270.8,1,270.8
15775.0,104.9,1,104.9
15776.0,241.62,1,241.62
15777.0,246.41000000000003,3,82.13666666666667
15780.0,475.28000000000003,3,158.42666666666668
15781.0,333.56,4,83.39
15782.0,612.32,4,153.08
15783.0,246.3,1,246.3
15785.0,1214.45,8,151.80625
15786.0,4702.2,5,940.4399999999999
15787.0,933.26,3,311.08666666666664
15789.0,351.3,1,351.3
15790.0,218.75,1,218.75
15791.0,1463.74,3,487.91333333333336
15793.0,188.0,3,62.666666666666664
15795.0,610.01,1,610.01
15796.0,2522.06,9,280.2288888888889
15797.0,15.0,1,15.0
15799.0,884.14,3,294.7133333333333
15800.0,696.89,2,348.445
15801.0,1042.19,4,260.5475
15803.0,75.9,1,75.9
15804.0,3848.55,18,213.80833333333334
15805.0,4862.87,19,255.94052631578947
15806.0,412.98,3,137.66
15807.0,903.9,3,301.3
15808.0,3063.57,5,612.714
15809.0,399.21,6,66.535
15810.0,1145.43,7,163.63285714285715
15811.0,2171.32,9,241.2577777777778
15812.0,396.98,3,132.32666666666668
15813.0,482.51,2,241.255
15814.0,1275.67,5,255.13400000000001
15815.0,1034.02,4,258.505
15819.0,1905.45,4,476.3625
15820.0,116.97999999999999,1,116.97999999999999
15821.0,570.96,2,285.48
15822.0,691.37,2,345.685
15823.0,-156.9,2,-78.45
15825.0,282.94,1,282.94
15826.0,1426.52,4,356.63
15827.0,1641.48,20,82.074
15829.0,636.14,2,318.07
15830.0,547.7,2,273.85
15831.0,730.29,3,243.42999999999998
15832.0,836.79,1,836.79
15834.0,1951.3,4,487.825
15835.0,954.09,4,238.5225
15836.0,117.47,2,58.735
15837.0,391.98,1,391.98
15838.0,413.16,8,51.645
15839.0,1020.74,5,204.148
15840.0,345.66,3,115.22000000000001
15841.0,657.32,6,109.55333333333334
15843.0,118.95000000000002,1,118.95000000000002
15844.0,130.73999999999998,1,130.73999999999998
15845.0,3288.95,9,365.43888888888887
15847.0,328.79,2,164.395
15850.0,234.88,2,117.44
15852.0,160.71,2,80.355
15853.0,110.8,1,110.8
15854.0,1247.3700000000001,11,113.39727272727274
15855.0,712.24,5,142.448
15856.0,7043.08,29,242.8648275862069
15857.0,215.4,1,215.4
15858.0,1325.57,5,265.114
15860.0,965.16,8,120.645
15861.0,2981.92,7,425.98857142857145
15862.0,832.88,4,208.22
15863.0,68.84,2,34.42
15864.0,124.7,4,31.175
15865.0,744.43,3,248.14333333333332
15866.0,211.89,1,211.89
15867.0,3795.29,16,237.205625
15869.0,149.64,2,74.82
15870.0,351.44,1,351.44
15872.0,316.25,2,158.125
15874.0,1572.89,9,174.76555555555558
15877.0,479.83,3,159.94333333333333
15880.0,299.03,2,149.515
15881.0,219.39,7,31.34142857142857
15882.0,435.36,5,87.072
15883.0,396.48,2,198.24
15885.0,379.35,3,126.45
15886.0,181.09,1,181.09
15888.0,64.77,2,32.385
15889.0,420.07,2,210.035
15891.0,511.68,1,511.68
15894.0,184.0,2,92.0
15895.0,42.01,1,42.01
15897.0,98.09,2,49.045
15898.0,873.38,6,145.56333333333333
15899.0,56.25,1,56.25
15900.0,337.28,1,337.28
15901.0,351.73,3,117.24333333333334
15903.0,507.54,5,101.50800000000001
15904.0,164.68,1,164.68
15906.0,1567.69,7,223.9557142857143
15907.0,882.72,3,294.24
15909.0,69.53999999999999,1,69.53999999999999
15910.0,1228.88,8,153.61
15912.0,264.62,2,132.31
15916.0,1466.01,10,146.601
15917.0,123.1,1,123.1
15918.0,334.23,2,167.115
15919.0,525.69,2,262.845
15920.0,167.5,4,41.875
15921.0,241.91,1,241.91
15922.0,288.0,2,144.0
15923.0,127.08,1,127.08
15925.0,207.15,1,207.15
15930.0,426.63,1,426.63
15932.0,1780.61,11,161.87363636363636
15933.0,1107.46,3,369.15333333333336
15935.0,108.03999999999999,1,108.03999999999999
15937.0,145.35,1,145.35
15938.0,344.58,5,68.916
15939.0,968.74,15,64.58266666666667
15940.0,31.799999999999997,2,15.899999999999999
15942.0,337.44,1,337.44
15944.0,68.9,1,68.9
15945.0,13.6,1,13.6
15947.0,524.64,1,524.64
15948.0,955.24,2,477.62
15949.0,364.72,2,182.36
15950.0,1616.6100000000001,5,323.322
15951.0,669.57,3,223.19000000000003
15952.0,781.91,4,195.4775
15953.0,1061.23,10,106.123
15955.0,3808.19,16,238.011875
15957.0,428.89,1,428.89
15958.0,104.35,1,104.35
15963.0,470.76,2,235.38
15965.0,749.87,4,187.4675
15967.0,397.68,2,198.84
15969.0,463.3,3,154.43333333333334
15970.0,314.1,1,314.1
15971.0,331.55,7,47.364285714285714
15973.0,23.45,2,11.725
15974.0,2902.75,8,362.84375
15975.0,371.01,1,371.01
15976.0,427.64,2,213.82
15977.0,1054.73,2,527.365
15978.0,1027.98,1,1027.98
15980.0,979.74,3,326.58
15981.0,1788.48,7,255.49714285714285
15983.0,1245.82,4,311.455
15984.0,2020.23,10,202.023
15985.0,724.58,2,362.29
15986.0,168.12,1,168.12
15987.0,699.63,6,116.605
15988.0,156.78,1,156.78
15990.0,792.11,2,396.055
15992.0,41.989999999999995,1,41.989999999999995
15993.0,2736.92,10,273.692
15994.0,414.27,1,414.27
15996.0,1016.6800000000001,7,145.24
15998.0,3074.42,6,512.4033333333333
16003.0,1501.17,5,300.23400000000004
16005.0,578.71,4,144.6775
16006.0,101.4,1,101.4
16007.0,1693.81,4,423.4525
16008.0,478.78,3,159.59333333333333
16009.0,913.11,3,304.37
16010.0,392.4,3,130.79999999999998
16011.0,3220.96,16,201.31
16012.0,1063.29,3,354.43
16013.0,933.75,10,93.375
16014.0,637.58,4,159.395
16015.0,604.38,4,151.095
16016.0,1440.06,10,144.006
16017.0,211.88,1,211.88
16018.0,408.90000000000003,2,204.45000000000002
16019.0,2362.44,10,236.244
16020.0,749.01,3,249.67
16022.0,602.63,1,602.63
16023.0,719.81,3,239.93666666666664
16024.0,251.03,1,251.03
16025.0,439.65999999999997,1,439.65999999999997
16026.0,236.09,1,236.09
16027.0,138.9,3,46.300000000000004
16029.0,298.3,12,24.858333333333334
16030.0,331.24,1,331.24
16031.0,547.9,2,273.95
16033.0,8559.73,26,329.2203846153846
16034.0,366.3,3,122.10000000000001
16036.0,698.08,2,349.04
16037.0,715.22,3,238.40666666666667
16038.0,454.33000000000004,4,113.58250000000001
16040.0,1313.55,3,437.84999999999997
16042.0,1127.57,7,161.08142857142857
16043.0,703.19,4,175.7975
16045.0,1340.7,4,335.175
16048.0,243.69000000000003,3,81.23
16049.0,1074.81,3,358.27
16050.0,137.9,1,137.9
16052.0,362.06,1,362.06
16053.0,1511.95,2,755.975
16054.0,783.9,1,783.9
16055.0,134.8,1,134.8
16056.0,650.75,1,650.75
16057.0,2140.2200000000003,10,214.02200000000002
16059.0,1453.16,6,242.19333333333336
16061.0,-29.95,1,-29.95
16062.0,693.72,4,173.43
16063.0,335.32,1,335.32
16065.0,367.14,1,367.14
16066.0,1146.76,5,229.352
16070.0,464.78999999999996,2,232.39499999999998
16071.0,326.24,1,326.24
16072.0,422.52,1,422.52
16073.0,-28.049999999999997,1,-28.049999999999997
16076.0,1976.73,11,179.7027272727273
16079.0,259.04,3,86.34666666666668
16080.0,217.16,2,108.58
16081.0,2650.22,5,530.044
16083.0,581.54,2,290.77
16084.0,436.18,1,436.18
16085.0,981.51,5,196.302
16086.0,894.91,6,149.15166666666667
16091.0,315.06,2,157.53
16092.0,779.36,5,155.872
16093.0,17.0,1,17.0
16094.0,1041.83,6,173.63833333333332
16096.0,195.62,1,195.62
16097.0,185.04999999999998,1,185.04999999999998
16098.0,1195.13,7,170.73285714285717
16099.0,731.9,3,243.96666666666667
16101.0,1245.96,3,415.32
16102.0,1183.94,3,394.6466666666667
16103.0,953.44,6,158.90666666666667
16104.0,298.21,1,298.21
16105.0,165.6,1,165.6
16106.0,108.38,1,108.38
16107.0,241.3,4,60.325
16108.0,816.1,2,408.05
16109.0,236.4,1,236.4
16110.0,1320.95,3,440.31666666666666
16112.0,195.73999999999998,4,48.934999999999995
16113.0,161.38,1,161.38
16114.0,135.75000000000003,1,135.75000000000003
16115.0,1660.8799999999999,8,207.60999999999999
16116.0,592.88,2,296.44
16117.0,232.21,1,232.21
16119.0,363.96000000000004,2,181.98000000000002
16120.0,469.24,4,117.31
16121.0,854.66,2,427.33
16122.0,559.62,4,139.905
16123.0,307.78,1,307.78
16124.0,187.15,2,93.575
16125.0,289.35,1,289.35
16126.0,2571.85,4,642.9625
16127.0,656.25,1,656.25
16128.0,1800.42,5,360.084
16131.0,1456.1399999999999,6,242.68999999999997
16133.0,4276.98,42,101.83285714285714
16134.0,603.69,3,201.23000000000002
16135.0,342.35,1,342.35
16136.0,709.38,3,236.46
16138.0,-7.95,1,-7.95
16139.0,635.41,3,211.8033333333333
16140.0,520.89,4,130.2225
16141.0,620.4,1,620.4
16142.0,535.34,1,535.34
16143.0,1991.3400000000001,7,284.4771428571429
16145.0,3608.1800000000003,18,200.45444444444445
16146.0,486.33,2,243.165
16147.0,375.0,1,375.0
16149.0,280.52,2,140.26
16150.0,1945.87,10,194.587
16152.0,486.3,1,486.3
16153.0,1671.59,5,334.318
16156.0,2341.05,13,180.08076923076925
16157.0,345.2,4,86.3
16159.0,348.2,1,348.2
16160.0,339.93,4,84.9825
16161.0,5393.83,24,224.74291666666667
16162.0,37.4,1,37.4
16163.0,50.1,1,50.1
16164.0,698.49,4,174.6225
16168.0,1709.8200000000002,23,74.34
16169.0,1491.41,4,372.8525
16170.0,1880.4199999999998,7,268.63142857142856
16171.0,73.2,1,73.2
16172.0,1021.41,5,204.28199999999998
16173.0,1406.57,7,200.9385714285714
16174.0,376.75,2,188.375
16175.0,1037.59,4,259.3975
16177.0,331.95,1,331.95
16178.0,197.9,1,197.9
16179.0,215.83,1,215.83
16180.0,2307.68,10,230.76799999999997
16181.0,163.94,1,163.94
16182.0,102.64999999999999,1,102.64999999999999
16183.0,255.31,1,255.31
16184.0,1155.54,7,165.07714285714286
16185.0,529.41,2,264.705
16186.0,3921.14,13,301.62615384615384
16187.0,6092.04,16,380.7525
16188.0,981.86,4,245.465
16189.0,155.48,2,77.74
16190.0,125.23000000000002,1,125.23000000000002
16191.0,2161.5,22,98.25
16193.0,314.45,1,314.45
16198.0,400.68100000000004,1,400.68100000000004
16200.0,1068.8700000000001,2,534.4350000000001
16201.0,1821.52,5,364.304
16202.0,301.67,1,301.67
16203.0,589.15,5,117.83
16204.0,384.18,1,384.18
16205.0,667.63,4,166.9075
16206.0,466.26,4,116.565
16207.0,394.38,1,394.38
16208.0,664.26,2,332.13
16209.0,803.18,5,160.636
16210.0,1816.64,16,113.54
16211.0,367.57000000000005,2,183.78500000000003
16212.0,681.19,3,227.06333333333336
16213.0,82.5,1,82.5
16214.0,862.95,3,287.65000000000003
16215.0,242.35,1,242.35
16216.0,690.23,1,690.23
16217.0,193.99,4,48.4975
16218.0,1575.97,6,262.6616666666667
16221.0,860.86,3,286.9533333333333
16222.0,773.5500000000001,1,773.5500000000001
16224.0,1295.3,4,323.825
16225.0,1096.32,5,219.26399999999998
16226.0,124.32000000000001,3,41.440000000000005
16227.0,58.12,2,29.06
16229.0,816.8,2,408.4
16230.0,542.03,2,271.015
16232.0,833.23,5,166.64600000000002
16233.0,334.53000000000003,4,83.63250000000001
16235.0,858.41,6,143.06833333333333
16236.0,432.2,1,432.2
16239.0,412.5,3,137.5
16240.0,2025.35,5,405.07
16241.0,2590.31,13,199.2546153846154
16242.0,3574.91,8,446.86375
16243.0,324.1,2,162.05
16244.0,1522.75,2,761.375
16245.0,1388.31,5,277.662
16247.0,114.56,1,114.56
16248.0,152.94,1,152.94
16249.0,1290.07,5,258.014
16250.0,389.44,2,194.72
16252.0,-295.09,1,-295.09
16253.0,2915.3,3,971.7666666666668
16255.0,2609.3,10,260.93
16256.0,78.75,2,39.375
16257.0,46.95,1,46.95
16258.0,2619.25,5,523.85
16260.0,220.45000000000002,1,220.45000000000002
16261.0,728.54,4,182.135
16262.0,-31.65,1,-31.65
16265.0,4770.1,11,433.6454545454546
16266.0,861.89,7,123.12714285714286
16268.0,667.65,2,333.825
16270.0,783.94,1,783.94
16271.0,1273.89,6,212.31500000000003
16272.0,411.7,1,411.7
16274.0,351.75,1,351.75
16275.0,559.87,1,559.87
16276.0,75.0,1,75.0
16278.0,317.83,3,105.94333333333333
16279.0,1489.88,4,372.47
16281.0,171.5,1,171.5
16282.0,168.3,1,168.3
16283.0,1566.91,6,261.1516666666667
16284.0,812.68,2,406.34
16287.0,142.5,1,142.5
16292.0,280.9,2,140.45
16293.0,2236.7400000000002,12,186.395
16295.0,1328.55,4,332.1375
16297.0,275.4,4,68.85
16298.0,502.8,3,167.6
16302.0,212.82,2,106.41
16303.0,3831.08,4,957.77
16305.0,361.21999999999997,1,361.21999999999997
16306.0,602.27,9,66.91888888888889
16309.0,597.42,3,199.14
16311.0,616.26,2,308.13
16313.0,274.15000000000003,2,137.07500000000002
16315.0,226.37,1,226.37
16316.0,2252.76,11,204.79636363636365
16317.0,1272.53,3,424.1766666666667
16318.0,328.15,1,328.15
16322.0,326.75,2,163.375
16324.0,408.59000000000003,3,136.1966666666667
16325.0,431.04,4,107.76
16326.0,2872.62,15,191.50799999999998
16327.0,3752.67,6,625.445
16330.0,129.71,4,32.4275
16332.0,1572.8,8,196.6
16337.0,151.05,1,151.05
16338.0,214.79999999999998,1,214.79999999999998
16339.0,94.05,1,94.05
16340.0,534.31,1,534.31
16341.0,1181.26,6,196.87666666666667
16342.0,322.41,4,80.6025
16343.0,328.58,2,164.29
16344.0,35.7,1,35.7
16345.0,465.46000000000004,1,465.46000000000004
16347.0,778.15,2,389.075
16348.0,1415.65,7,202.2357142857143
16349.0,53.5,1,53.5
16350.0,1100.47,5,220.094
16351.0,153.9,1,153.9
16352.0,494.44,2,247.22
16353.0,1658.6100000000001,10,165.86100000000002
16354.0,395.8,2,197.9
16356.0,210.32000000000002,4,52.580000000000005
16357.0,658.88,3,219.62666666666667
16358.0,1892.95,5,378.59000000000003
16359.0,781.41,10,78.14099999999999
16360.0,3349.57,8,418.69625
16361.0,891.21,4,222.8025
16362.0,627.29,9,69.69888888888889
16363.0,109.36000000000001,1,109.36000000000001
16364.0,705.79,2,352.895
16365.0,386.61,8,48.32625
16366.0,327.3,1,327.3
16367.0,800.67,2,400.335
16368.0,479.91,2,239.955
16369.0,1545.41,3,515.1366666666667
16370.0,1301.91,4,325.4775
16372.0,355.73,2,177.865
16374.0,466.73,2,233.365
16376.0,858.37,3,286.12333333333333
16377.0,106.2,1,106.2
16378.0,362.95,3,120.98333333333333
16379.0,2069.5,5,413.9
16380.0,440.75,1,440.75
16383.0,643.76,2,321.88
16384.0,584.5,2,292.25
16385.0,554.86,3,184.95333333333335
16386.0,302.57,2,151.285
16387.0,94.36,1,94.36
16389.0,676.71,5,135.342
16392.0,217.89,1,217.89
16393.0,2861.1,20,143.055
16394.0,1304.54,9,144.9488888888889
16395.0,1482.06,5,296.412
16398.0,1467.8,4,366.95
16399.0,408.02,2,204.01
16400.0,303.93,1,303.93
16401.0,2904.74,20,145.237
16402.0,293.45,2,146.725
16403.0,161.04999999999998,2,80.52499999999999
16404.0,443.05,1,443.05
16405.0,6.85,1,6.85
16406.0,154.35,1,154.35
16407.0,2004.68,10,200.46800000000002
16409.0,2022.98,5,404.596
16411.0,211.7,2,105.85
16412.0,135.99,1,135.99
16413.0,262.2,1,262.2
16414.0,126.25,2,63.125
16415.0,200.27,1,200.27
16416.0,846.39,4,211.5975
16418.0,631.12,3,210.37333333333333
16419.0,730.04,7,104.29142857142857
16422.0,3324.9900000000002,54,61.573888888888895
16423.0,285.28,1,285.28
16424.0,133.56,1,133.56
16425.0,302.7,1,302.7
16426.0,1782.4,10,178.24
16427.0,241.06,2,120.53
16428.0,-2.95,1,-2.95
16429.0,4.95,1,4.95
16430.0,110.94999999999999,1,110.94999999999999
16431.0,623.28,3,207.76
16432.0,143.4,1,143.4
16433.0,120.66,1,120.66
16434.0,1511.8,7,215.97142857142856
16438.0,798.35,5,159.67000000000002
16440.0,3254.87,5,650.9739999999999
16441.0,381.2,2,190.6
16442.0,609.3,3,203.1
16444.0,638.77,5,127.75399999999999
16445.0,230.51,1,230.51
16446.0,2.9,1,2.9
16447.0,255.91,1,255.91
16448.0,182.99,1,182.99
16449.0,674.69,3,224.89666666666668
16450.0,241.12,1,241.12
16451.0,266.97,1,266.97
16454.0,-8.15,3,-2.716666666666667
16455.0,1841.18,7,263.0257142857143
16456.0,1741.38,5,348.276
16457.0,208.36,1,208.36
16458.0,3482.7400000000002,18,193.48555555555558
16460.0,811.23,3,270.41
16461.0,142.92,1,142.92
16462.0,34.0,3,11.333333333333334
16463.0,1383.7,7,197.67142857142858
16464.0,1298.66,3,432.8866666666667
16466.0,1509.8600000000001,7,215.69428571428574
16468.0,12.5,1,12.5
16469.0,625.42,4,156.355
16470.0,747.82,5,149.56400000000002
16471.0,223.95000000000002,1,223.95000000000002
16473.0,314.86,4,78.715
16474.0,1750.6200000000001,11,159.14727272727274
16475.0,459.3,3,153.1
16477.0,2494.46,7,356.3514285714286
16478.0,331.0,3,110.33333333333333
16479.0,300.83,2,150.415
16480.0,613.77,1,613.77
16482.0,220.62,1,220.62
16483.0,139.35,1,139.35
16484.0,379.4,3,126.46666666666665
16485.0,363.65,1,363.65
16488.0,432.2,4,108.05
16491.0,672.1,1,672.1
16493.0,1258.86,6,209.80999999999997
16494.0,826.53,1,826.53
16495.0,648.26,3,216.08666666666667
16496.0,1494.22,4,373.555
16497.0,2653.39,6,442.2316666666666
16498.0,86.12,3,28.706666666666667
16499.0,319.1,5,63.82000000000001
16500.0,235.86,5,47.172000000000004
16503.0,1421.43,5,284.286
16504.0,465.88,1,465.88
16506.0,90.30000000000001,2,45.150000000000006
16509.0,287.2,1,287.2
16510.0,248.1,1,248.1
16511.0,918.33,3,306.11
16513.0,650.19,3,216.73000000000002
16515.0,1394.94,5,278.988
16516.0,101.69999999999999,1,101.69999999999999
16517.0,162.7,1,162.7
16518.0,420.92,3,140.30666666666667
16519.0,215.07999999999998,2,107.53999999999999
16520.0,1036.6200000000001,4,259.15500000000003
16523.0,6366.87,26,244.8796153846154
16525.0,1147.25,23,49.880434782608695
16526.0,218.96,1,218.96
16527.0,228.06,1,228.06
16528.0,244.41,1,244.41
16529.0,455.25,1,455.25
16531.0,1244.59,7,177.79857142857142
16533.0,1014.19,5,202.83800000000002
16535.0,466.25,1,466.25
16536.0,538.17,2,269.085
16539.0,633.11,4,158.2775
16542.0,119.62,1,119.62
16545.0,25.200000000000003,1,25.200000000000003
16546.0,654.55,3,218.1833333333333
16549.0,3973.7,10,397.37
16550.0,2266.25,9,251.80555555555554
16551.0,678.1,3,226.03333333333333
16552.0,287.93,2,143.965
16553.0,1233.89,6,205.64833333333334
16554.0,681.15,7,97.30714285714285
16555.0,285.89,2,142.945
16556.0,3093.59,7,441.9414285714286
16557.0,281.85,2,140.925
16558.0,7438.64,24,309.9433333333333
16560.0,816.51,3,272.17
16561.0,511.12,2,255.56
16563.0,243.5,1,243.5
16565.0,35.7,1,35.7
16566.0,213.13,6,35.52166666666667
16567.0,694.12,2,347.06
16569.0,124.2,1,124.2
16570.0,2734.71,14,195.33642857142857
16571.0,1285.22,5,257.044
16572.0,999.7,4,249.925
16573.0,648.41,4,162.1025
16574.0,451.44,1,451.44
16579.0,-30.599999999999998,1,-30.599999999999998
16581.0,70.44,2,35.22
16582.0,50.099999999999994,1,50.099999999999994
16583.0,233.45,1,233.45
16584.0,382.13,3,127.37666666666667
16586.0,99.75,1,99.75
16587.0,225.15,1,225.15
16589.0,459.24,3,153.08
16591.0,107.30000000000001,1,107.30000000000001
16592.0,3909.48,19,205.7621052631579
16593.0,260.43,2,130.215
16594.0,181.09,1,181.09
16595.0,360.16,1,360.16
16596.0,250.15,2,125.075
16597.0,90.04,1,90.04
16598.0,140.7,2,70.35
16600.0,813.52,6,135.58666666666667
16601.0,242.7,1,242.7
16602.0,415.77,2,207.885
16603.0,482.47,2,241.235
16607.0,2587.87,14,184.84785714285712
16609.0,5388.56,9,598.728888888889
16610.0,75.66,1,75.66
16611.0,120.99000000000001,2,60.495000000000005
16612.0,1187.66,4,296.915
16613.0,618.59,1,618.59
16614.0,438.69,1,438.69
16616.0,420.52,2,210.26
16617.0,91.85,1,91.85
16618.0,1976.7,6,329.45
16619.0,204.41,2,102.205
16620.0,178.96,2,89.48
16621.0,469.41,4,117.3525
16623.0,64.05000000000001,1,64.05000000000001
16624.0,602.75,2,301.375
16625.0,333.08,1,333.08
16626.0,3002.68,19,158.0357894736842
16627.0,322.8,1,322.8
16628.0,1979.04,6,329.84
16629.0,408.63,2,204.315
16633.0,2818.15,7,402.59285714285716
16634.0,217.9,2,108.95
16637.0,1052.69,5,210.538
16638.0,1415.81,11,128.71
16639.0,937.18,4,234.295
16641.0,231.10000000000002,1,231.10000000000002
16642.0,679.83,3,226.61
16643.0,487.51,1,487.51
16644.0,833.78,2,416.89
16647.0,214.06,2,107.03
16648.0,270.85999999999996,2,135.42999999999998
16650.0,376.82,1,376.82
16652.0,1657.54,10,165.754
16653.0,1107.52,3,369.17333333333335
16654.0,594.97,5,118.994
16655.0,2853.62,6,475.6033333333333
16656.0,1039.84,20,51.992
16657.0,874.43,4,218.6075
16658.0,53.94,1,53.94
16659.0,39.12,1,39.12
16660.0,245.97,2,122.985
16665.0,135.39999999999998,1,135.39999999999998
16666.0,118.98,1,118.98
16667.0,567.1800000000001,2,283.59000000000003
16668.0,306.71999999999997,6,51.12
16669.0,1344.88,4,336.22
16670.0,4022.46,17,236.61529411764707
16672.0,1934.93,16,120.933125
16674.0,304.24,2,152.12
16676.0,1478.82,5,295.764
16678.0,2817.93,16,176.120625
16679.0,27.75,1,27.75
16680.0,183.7,1,183.7
16681.0,745.54,6,124.25666666666666
16682.0,570.28,5,114.056
16684.0,399.76,6,66.62666666666667
16685.0,324.24,2,162.12
16686.0,2940.53,9,326.72555555555556
16688.0,1260.86,4,315.215
16689.0,323.9,3,107.96666666666665
16690.0,208.63,3,69.54333333333334
16692.0,8.5,1,8.5
16693.0,477.86,2,238.93
16696.0,88.50000000000001,2,44.25000000000001
16697.0,112.75,1,112.75
16700.0,5040.0,17,296.47058823529414
16701.0,2333.31,14,166.665
16705.0,4709.19,27,174.41444444444443
16706.0,531.35,3,177.11666666666667
16708.0,495.83,1,495.83
16709.0,1798.67,5,359.73400000000004
16710.0,2467.99,10,246.79899999999998
16711.0,456.27,3,152.09
16712.0,3361.71,10,336.171
16713.0,5666.94,21,269.8542857142857
16714.0,879.06,3,293.02
16715.0,140.92,1,140.92
16717.0,3062.81,9,340.3122222222222
16718.0,606.0500000000001,1,606.0500000000001
16719.0,1753.72,8,219.215
16720.0,152.95,1,152.95
16721.0,292.47,1,292.47
16722.0,3650.93,16,228.183125
16723.0,411.4,1,411.4
16725.0,752.32,8,94.04
16726.0,1358.74,5,271.748
16727.0,256.32,1,256.32
16728.0,1048.28,4,262.07
16729.0,7099.09,25,283.9636
16730.0,702.79,4,175.6975
16732.0,539.55,1,539.55
16734.0,646.76,3,215.58666666666667
16735.0,2156.06,7,308.00857142857143
16738.0,3.75,1,3.75
16739.0,312.55,2,156.275
16742.0,-36.5,1,-36.5
16743.0,2166.88,8,270.86
16744.0,1291.91,7,184.55857142857144
16745.0,4795.92,18,266.44
16746.0,5991.52,19,315.34315789473686
16747.0,826.96,4,206.74
16748.0,1515.9,5,303.18
16750.0,561.43,5,112.28599999999999
16751.0,216.01999999999998,1,216.01999999999998
16752.0,127.55,1,127.55
16753.0,223.92000000000002,1,223.92000000000002
16755.0,1463.23,5,292.646
16756.0,239.4,1,239.4
16757.0,106.83000000000001,1,106.83000000000001
16758.0,300.04,1,300.04
16759.0,772.84,4,193.21
16761.0,256.62,1,256.62
16762.0,1127.3400000000001,3,375.78000000000003
16763.0,325.8,2,162.9
16764.0,2749.9500000000003,18,152.775
16765.0,34.0,1,34.0
16766.0,1145.6,2,572.8
16767.0,3846.16,10,384.616
16768.0,398.04,5,79.608
16769.0,361.54,1,361.54
16770.0,731.9,6,121.98333333333333
16771.0,2242.61,5,448.52200000000005
16773.0,171.59,1,171.59
16774.0,585.62,5,117.124
16775.0,1560.1100000000001,11,141.82818181818183
16776.0,371.54,1,371.54
16777.0,222.62,2,111.31
16778.0,245.94,2,122.97
16779.0,4118.96,27,152.55407407407407
16780.0,422.24,2,211.12
16781.0,294.65,2,147.325
16782.0,2128.3,19,112.01578947368422
16784.0,107.6,1,107.6
16788.0,594.39,2,297.195
16789.0,80.8,1,80.8
16790.0,1520.1200000000001,8,190.01500000000001
16791.0,1690.28,8,211.285
16792.0,110.38000000000001,2,55.190000000000005
16793.0,243.84,1,243.84
16794.0,1175.3,12,97.94166666666666
16795.0,414.88,1,414.88
16796.0,305.62,1,305.62
16800.0,1162.65,1,1162.65
16801.0,702.8,5,140.56
16803.0,332.3,1,332.3
16804.0,536.99,3,178.99666666666667
16805.0,460.59,2,230.295
16806.0,762.16,4,190.54
16807.0,1121.59,3,373.8633333333333
16808.0,227.22,2,113.61
16809.0,912.74,6,152.12333333333333
16810.0,216.24,2,108.12
16811.0,547.07,2,273.535
16812.0,204.15,1,204.15
16813.0,1591.7,10,159.17000000000002
16814.0,4645.55,22,211.16136363636363
16816.0,417.06,4,104.265
16817.0,1446.95,13,111.30384615384615
16818.0,3258.07,13,250.62076923076924
16820.0,497.61,1,497.61
16823.0,358.38,1,358.38
16824.0,460.64,2,230.32
16825.0,460.78,2,230.39
16826.0,341.7,1,341.7
16828.0,128.5,2,64.25
16829.0,197.22,1,197.22
16830.0,325.91,1,325.91
16832.0,136.65,2,68.325
16833.0,879.13,4,219.7825
16834.0,413.46,1,413.46
16835.0,180.85,2,90.425
16836.0,175.55,2,87.775
16837.0,2737.53,11,248.86636363636364
16838.0,417.9,3,139.29999999999998
16839.0,2779.6,31,89.66451612903225
16841.0,1545.02,6,257.50333333333333
16842.0,1194.44,4,298.61
16843.0,8116.08,17,477.4164705882353
16846.0,214.32,1,214.32
16847.0,193.44,1,193.44
16848.0,281.42,1,281.42
16849.0,124.57,1,124.57
16850.0,332.41,1,332.41
16851.0,342.45,3,114.14999999999999
16852.0,144.91000000000003,2,72.45500000000001
16855.0,328.4,2,164.2
16856.0,35.400000000000006,1,35.400000000000006
16858.0,262.49,2,131.245
16859.0,523.09,4,130.7725
16861.0,151.65,3,50.550000000000004
16863.0,481.35,4,120.3375
16866.0,207.73999999999998,3,69.24666666666666
16869.0,797.3199999999999,5,159.464
16871.0,2619.89,7,374.27
16872.0,62.7,1,62.7
16873.0,6322.11,10,632.211
16875.0,2023.47,9,224.83
16877.0,846.62,6,141.10333333333332
16878.0,0.0,2,0.0
16880.0,1491.43,7,213.0614285714286
16882.0,585.72,3,195.24
16883.0,272.48,2,136.24
16884.0,429.84000000000003,2,214.92000000000002
16885.0,450.41,3,150.13666666666668
16887.0,192.32999999999998,1,192.32999999999998
16889.0,1578.67,3,526.2233333333334
16891.0,742.43,5,148.486
16892.0,489.49,7,69.92714285714285
16893.0,145.93,1,145.93
16895.0,202.27,1,202.27
16897.0,213.03,3,71.01
16898.0,501.03,3,167.01
16899.0,1271.06,6,211.84333333333333
16900.0,869.74,4,217.435
16902.0,727.18,1,727.18
16903.0,363.2,1,363.2
16904.0,3430.55,16,214.409375
16905.0,2571.55,8,321.44375
16906.0,457.83,4,114.4575
16907.0,717.8,5,143.56
16909.0,286.38,2,143.19
16910.0,1508.96,8,188.62
16912.0,2053.27,14,146.66214285714287
16913.0,53.44,1,53.44
16914.0,183.76,1,183.76
16915.0,471.83,6,78.63833333333334
16916.0,562.41,2,281.205
16917.0,133.3,1,133.3
16918.0,1043.34,7,149.04857142857142
16919.0,2457.25,11,223.38636363636363
16921.0,154.18,1,154.18
16923.0,6004.22,22,272.9190909090909
16924.0,772.14,4,193.035
16926.0,230.25,1,230.25
16927.0,72.35,2,36.175
16928.0,2478.6,19,130.45263157894738
16929.0,1295.39,7,185.0557142857143
16930.0,378.89,3,126.29666666666667
16931.0,4554.87,21,216.89857142857142
16932.0,150.23000000000002,1,150.23000000000002
16933.0,530.08,5,106.016
16934.0,931.03,2,465.515
16936.0,261.9,1,261.9
16938.0,1878.43,4,469.6075
16940.0,3049.88,3,1016.6266666666667
16942.0,1878.51,10,187.851
16943.0,741.73,3,247.24333333333334
16945.0,4283.1,19,225.4263157894737
16947.0,406.48,1,406.48
16948.0,435.02,3,145.00666666666666
16949.0,786.27,6,131.045
16950.0,731.76,3,243.92
16951.0,1262.75,4,315.6875
16952.0,167.61,2,83.805
16953.0,20.8,1,20.8
16954.0,1157.28,7,165.32571428571427
16955.0,493.67,5,98.73400000000001
16956.0,232.54,2,116.27
16957.0,337.44,2,168.72
16959.0,117.35000000000001,1,117.35000000000001
16960.0,507.05,3,169.01666666666668
16961.0,234.17,1,234.17
16963.0,110.55000000000001,1,110.55000000000001
16965.0,201.19,1,201.19
16966.0,459.23,8,57.40375
16967.0,319.02,1,319.02
16968.0,439.43,2,219.715
16969.0,650.41,3,216.8033333333333
16971.0,232.21,1,232.21
16978.0,344.33,1,344.33
16979.0,1350.35,8,168.79375
16980.0,723.86,2,361.93
16982.0,384.06,1,384.06
16983.0,1835.4199999999998,8,229.42749999999998
16984.0,3912.79,5,782.558
16985.0,1727.76,11,157.0690909090909
16986.0,20.8,1,20.8
16987.0,1344.84,7,192.11999999999998
16988.0,126.12,1,126.12
16989.0,160.04999999999998,4,40.012499999999996
16992.0,1601.8600000000001,6,266.9766666666667
16995.0,-1.25,1,-1.25
16996.0,985.61,9,109.51222222222222
16997.0,234.0,2,117.0
16998.0,7.42,4,1.855
16999.0,305.82,2,152.91
17001.0,3989.57,11,362.6881818181818
17002.0,1130.28,4,282.57
17004.0,767.34,2,383.67
17006.0,713.78,4,178.445
17007.0,803.1800000000001,7,114.74000000000001
17010.0,185.46,2,92.73
17011.0,270.9,1,270.9
17014.0,503.68,4,125.92
17015.0,1838.6100000000001,3,612.87
17017.0,5404.21,26,207.85423076923078
17018.0,90.9,1,90.9
17019.0,1258.08,4,314.52
17022.0,71.0,1,71.0
17024.0,95.85,3,31.95
17025.0,191.45,3,63.81666666666666
17026.0,33.15,1,33.15
17027.0,835.86,7,119.40857142857143
17030.0,146.87,1,146.87
17031.0,317.95,2,158.975
17033.0,419.94,3,139.98
17034.0,589.97,4,147.4925
17035.0,388.33,3,129.44333333333333
17037.0,1253.22,2,626.61
17038.0,112.4,1,112.4
17040.0,172.53,1,172.53
17041.0,1055.69,4,263.9225
17042.0,1036.58,5,207.31599999999997
17043.0,1427.3799999999999,4,356.84499999999997
17044.0,-51.05,2,-25.525
17045.0,339.44,3,113.14666666666666
17046.0,311.42,1,311.42
17047.0,1100.9,3,366.9666666666667
17048.0,841.87,5,168.374
17049.0,5012.83,11,455.71181818181816
17050.0,3185.64,6,530.9399999999999
17051.0,240.89000000000001,1,240.89000000000001
17052.0,399.09,1,399.09
17053.0,370.98,2,185.49
17054.0,1288.43,6,214.73833333333334
17058.0,1179.89,3,393.2966666666667
17059.0,3080.39,5,616.078
17060.0,81.60000000000001,1,81.60000000000001
17061.0,1335.01,8,166.87625
17062.0,529.4300000000001,5,105.88600000000001
17063.0,1421.59,11,129.23545454545453
17064.0,778.95,3,259.65000000000003
17068.0,4386.9400000000005,22,199.40636363636366
17069.0,2530.27,13,194.63615384615383
17070.0,304.24,1,304.24
17071.0,2326.08,14,166.14857142857142
17073.0,1446.09,4,361.5225
17075.0,754.27,5,150.85399999999998
17076.0,401.76,3,133.92
17078.0,194.6,2,97.3
17080.0,143.18,2,71.59
17081.0,288.91,2,144.455
17082.0,1566.25,2,783.125
17083.0,1106.98,3,368.99333333333334
17084.0,2600.9900000000002,2,1300.4950000000001
17085.0,1550.8,6,258.46666666666664
17086.0,1520.68,6,253.4466666666667
17088.0,1991.01,4,497.7525
17090.0,982.4300000000001,6,163.73833333333334
17091.0,3673.81,10,367.381
17092.0,1774.03,4,443.5075
17094.0,151.4,2,75.7
17095.0,1083.96,5,216.792
17096.0,932.98,7,133.28285714285715
17100.0,971.74,2,485.87
17101.0,746.03,3,248.67666666666665
17102.0,25.5,1,25.5
17105.0,665.78,2,332.89
17107.0,3567.0,5,713.4
17109.0,865.9300000000001,8,108.24125000000001
17110.0,163.29999999999998,1,163.29999999999998
17111.0,231.61,1,231.61
17114.0,739.72,10,73.97200000000001
17115.0,709.1,5,141.82
17117.0,116.19999999999999,1,116.19999999999999
17118.0,157.02,1,157.02
17119.0,593.61,3,197.87
17120.0,307.46,1,307.46
17122.0,138.32,1,138.32
17123.0,263.7,1,263.7
17124.0,294.24,1,294.24
17125.0,230.5,1,230.5
17126.0,976.55,7,139.50714285714284
17128.0,157.09,1,157.09
17131.0,2313.57,5,462.71400000000006
17133.0,32.400000000000006,3,10.800000000000002
17134.0,413.2,2,206.6
17135.0,893.41,5,178.682
17138.0,380.5,1,380.5
17139.0,8011.67,15,534.1113333333334
17140.0,172.12,1,172.12
17142.0,307.5,1,307.5
17144.0,730.17,2,365.085
17146.0,579.78,3,193.26
17147.0,1364.64,6,227.44000000000003
17148.0,124.88,1,124.88
17152.0,228.3,2,114.15
17153.0,213.78,1,213.78
17154.0,329.34,1,329.34
17155.0,112.5,2,56.25
17157.0,225.19,3,75.06333333333333
17158.0,1266.97,3,422.3233333333333
17159.0,1534.73,4,383.6825
17160.0,3518.03,6,586.3383333333334
17162.0,1707.21,11,155.2009090909091
17163.0,63.7,1,63.7
17164.0,2466.4,8,308.3
17165.0,158.68,1,158.68
17166.0,189.49,3,63.163333333333334
17169.0,816.88,4,204.22
17171.0,224.91,1,224.91
17172.0,313.26,2,156.63
17173.0,2400.75,9,266.75
17174.0,59.9,1,59.9
17175.0,1192.59,5,238.51799999999997
17176.0,224.53,1,224.53
17179.0,711.79,3,237.26333333333332
17180.0,768.32,6,128.05333333333334
17181.0,84.39999999999999,1,84.39999999999999
17183.0,1077.1100000000001,7,153.87285714285716
17187.0,203.95,1,203.95
17188.0,1356.99,8,169.62375
17189.0,383.75,2,191.875
17190.0,249.74,1,249.74
17191.0,2033.68,7,290.5257142857143
17193.0,776.74,9,86.30444444444444
17194.0,175.62,2,87.81
17197.0,429.91,1,429.91
17198.0,692.22,3,230.74
17201.0,289.78,1,289.78
17203.0,1346.77,6,224.46166666666667
17204.0,1051.71,9,116.85666666666667
17205.0,251.6,1,251.6
17206.0,204.24,1,204.24
17211.0,2299.67,9,255.5188888888889
17212.0,49.55,1,49.55
17213.0,2741.08,11,249.1890909090909
17214.0,974.12,6,162.35333333333332
17217.0,48.050000000000004,1,48.050000000000004
17218.0,1951.97,10,195.197
17219.0,114.23,1,114.23
17220.0,3187.55,14,227.68214285714288
17221.0,258.16,2,129.08
17222.0,328.65,1,328.65
17223.0,340.39,2,170.195
17226.0,216.49,1,216.49
17227.0,549.02,6,91.50333333333333
17228.0,1906.09,8,238.26125
17229.0,318.76,2,159.38
17230.0,994.15,9,110.46111111111111
17231.0,3078.22,14,219.87285714285713
17232.0,417.77,2,208.885
17233.0,190.88,1,190.88
17234.0,149.89000000000001,1,149.89000000000001
17235.0,353.5,2,176.75
17236.0,916.13,6,152.68833333333333
17237.0,224.69,2,112.345
17238.0,3719.1,17,218.7705882352941
17239.0,309.15,2,154.575
17242.0,1015.04,2,507.52
17243.0,6565.1,29,226.38275862068966
17244.0,622.83,1,622.83
17245.0,171.45,1,171.45
17247.0,280.09000000000003,1,280.09000000000003
17248.0,318.65,1,318.65
17250.0,381.97,2,190.985
17251.0,269.83,1,269.83
17252.0,348.91,2,174.455
17253.0,178.26,1,178.26
17254.0,271.19,2,135.595
17255.0,291.48,2,145.74
17256.0,150.29999999999998,2,75.14999999999999
17259.0,581.23,2,290.615
17262.0,20.4,1,20.4
17263.0,63.440000000000005,1,63.440000000000005
17265.0,550.01,2,275.005
17266.0,296.58,3,98.86
17267.0,249.7,2,124.85
17268.0,35.0,1,35.0
17272.0,1705.93,5,341.18600000000004
17274.0,107.82,1,107.82
17277.0,976.25,2,488.125
17278.0,246.04,1,246.04
17279.0,111.33,1,111.33
17282.0,643.46,3,214.48666666666668
17284.0,1636.58,7,233.79714285714286
17286.0,151.37,1,151.37
17287.0,989.0600000000001,7,141.29428571428573
17288.0,1297.63,7,185.3757142857143
17289.0,832.77,4,208.1925
17290.0,513.01,2,256.505
17293.0,1590.31,8,198.78875
17295.0,547.0,3,182.33333333333334
17297.0,128.18,1,128.18
17298.0,415.21999999999997,2,207.60999999999999
17299.0,589.01,4,147.2525
17301.0,163.24,1,163.24
17302.0,894.4300000000001,6,149.0716666666667
17303.0,250.04,1,250.04
17306.0,132.14,7,18.877142857142854
17309.0,82.75,1,82.75
17311.0,1240.85,2,620.425
17312.0,154.70000000000002,2,77.35000000000001
17313.0,141.21,2,70.605
17314.0,2314.96,11,210.4509090909091
17315.0,4524.24,43,105.21488372093023
17317.0,38.160000000000004,1,38.160000000000004
17320.0,1134.02,3,378.00666666666666
17321.0,657.16,2,328.58
17323.0,894.44,9,99.38222222222223
17324.0,472.34,4,118.085
17325.0,96.8,1,96.8
17329.0,385.95,2,192.975
17330.0,134.7,1,134.7
17333.0,494.25,1,494.25
17334.0,236.4,3,78.8
17337.0,1968.31,6,328.0516666666667
17338.0,6461.79,10,646.179
17339.0,160.56,2,80.28
17340.0,8023.7,15,534.9133333333333
17341.0,682.29,3,227.42999999999998
17343.0,193.64,1,193.64
17344.0,157.62,1,157.62
17345.0,519.6899999999999,4,129.92249999999999
17346.0,2557.9,16,159.86875
17348.0,1156.6,5,231.32
17349.0,98.25,1,98.25
17350.0,1070.0,5,214.0
17351.0,384.65,3,128.21666666666667
17354.0,124.69,1,124.69
17356.0,178.22,1,178.22
17357.0,239.57,2,119.785
17358.0,360.81,2,180.405
17359.0,127.86,1,127.86
17360.0,568.24,3,189.41333333333333
17361.0,488.2,3,162.73333333333332
17362.0,312.23,2,156.115
17364.0,4308.47,12,359.0391666666667
17365.0,4628.16,8,578.52
17367.0,167.55,1,167.55
17368.0,629.87,8,78.73375
17370.0,446.18,4,111.545
17371.0,418.4,3,139.46666666666667
17372.0,1337.18,8,167.1475
17373.0,646.92,4,161.73
17374.0,495.77,2,247.885
17375.0,372.5,4,93.125
17376.0,203.2,2,101.6
17377.0,3529.27,20,176.4635
17379.0,389.71999999999997,1,389.71999999999997
17381.0,611.22,13,47.01692307692308
17382.0,65.4,1,65.4
17383.0,193.39000000000001,1,193.39000000000001
17384.0,122.2,2,61.1
17385.0,256.11,1,256.11
17386.0,256.7,3,85.56666666666666
17387.0,746.81,2,373.405
17388.0,191.07999999999998,2,95.53999999999999
17389.0,1779.3,34,52.33235294117647
17392.0,417.27,2,208.635
17394.0,48.349999999999994,1,48.349999999999994
17396.0,212.1,2,106.05
17397.0,681.41,2,340.705
17398.0,653.38,3,217.79333333333332
17400.0,1978.44,5,395.688
17402.0,680.71,11,61.88272727272727
17403.0,263.92,1,263.92
17405.0,967.22,5,193.44400000000002
17406.0,1247.6200000000001,3,415.8733333333334
17408.0,32.65,1,32.65
17409.0,127.45000000000002,2,63.72500000000001
17410.0,1142.72,5,228.544
17411.0,748.94,4,187.235
17412.0,1258.06,7,179.72285714285712
17414.0,28.0,1,28.0
17415.0,218.23999999999998,1,218.23999999999998
17416.0,4945.0,7,706.4285714285714
17418.0,463.46000000000004,2,231.73000000000002
17419.0,3857.9700000000003,14,275.56928571428574
17420.0,598.83,3,199.61
17422.0,1733.1299999999999,10,173.313
17423.0,390.51,4,97.6275
17425.0,688.97,1,688.97
17426.0,4542.86,7,648.9799999999999
17427.0,30.0,1,30.0
17428.0,4075.71,27,150.95222222222222
17429.0,512.12,4,128.03
17430.0,265.76,2,132.88
17431.0,403.3,1,403.3
17432.0,365.76,2,182.88
17433.0,303.15999999999997,1,303.15999999999997
17434.0,1952.22,9,216.91333333333333
17436.0,216.29999999999998,2,108.14999999999999
17438.0,378.3,2,189.15
17440.0,75.10000000000001,5,15.020000000000001
17442.0,2210.2599999999998,10,221.02599999999998
17446.0,120.9,2,60.45
17447.0,541.53,2,270.765
17449.0,2503.21,8,312.90125
17450.0,1692.86,15,112.85733333333333
17451.0,1648.95,10,164.895
17453.0,303.12,2,151.56
17454.0,517.53,4,129.3825
17455.0,131.7,1,131.7
17456.0,249.86,1,249.86
17457.0,198.01,3,66.00333333333333
17458.0,316.5,1,316.5
17459.0,657.3,2,328.65
17460.0,488.03000000000003,8,61.003750000000004
17461.0,735.82,3,245.27333333333334
17462.0,419.58,3,139.85999999999999
17463.0,1860.81,6,310.135
17464.0,147.16,1,147.16
17466.0,763.28,2,381.64
17468.0,137.0,2,68.5
17469.0,1843.06,6,307.1766666666667
17470.0,1125.07,5,225.01399999999998
17472.0,697.54,3,232.51333333333332
17475.0,194.37,1,194.37
17480.0,506.51,2,253.255
17481.0,1249.34,5,249.868
17483.0,414.04,3,138.01333333333335
17486.0,396.87,1,396.87
17489.0,376.64,2,188.32
17490.0,1266.67,11,115.15181818181819
17491.0,2438.13,11,221.64818181818183
17492.0,307.07,1,307.07
17495.0,497.56,2,248.78
17496.0,271.05,1,271.05
17498.0,272.22,1,272.22
17499.0,622.88,1,622.88
17500.0,33.0,1,33.0
17501.0,288.6,2,144.3
17502.0,689.1,4,172.275
17503.0,558.96,2,279.48
17504.0,2133.83,10,213.38299999999998
17505.0,1077.84,2,538.92
17506.0,294.29,2,147.145
17507.0,605.58,2,302.79
17509.0,6069.24,11,551.7490909090909
17510.0,308.48,1,308.48
17511.0,7235.97,43,168.27837209302325
17512.0,1623.56,9,180.39555555555555
17513.0,69.6,1,69.6
17514.0,208.65,1,208.65
17515.0,639.02,4,159.755
17516.0,764.88,5,152.976
17517.0,153.94,1,153.94
17519.0,1521.55,7,217.3642857142857
17520.0,546.81,1,546.81
17521.0,721.9599999999999,4,180.48999999999998
17522.0,907.51,5,181.502
17523.0,314.28000000000003,2,157.14000000000001
17524.0,145.0,1,145.0
17525.0,261.3,1,261.3
17526.0,175.0,5,35.0
17527.0,746.27,5,149.254
17528.0,3245.2,10,324.52
17530.0,2367.12,10,236.712
17531.0,293.45,2,146.725
17534.0,223.36,1,223.36
17535.0,164.4,1,164.4
17536.0,76.5,1,76.5
17537.0,887.67,2,443.835
17538.0,98.42,1,98.42
17540.0,451.6,3,150.53333333333333
17542.0,170.75,1,170.75
17545.0,540.32,3,180.10666666666668
17547.0,-11.8,1,-11.8
17548.0,-60.47999999999999,3,-20.159999999999997
17549.0,148.86,2,74.43
17550.0,207.36,3,69.12
17551.0,290.34,1,290.34
17552.0,909.96,6,151.66
17554.0,1346.53,5,269.306
17555.0,480.31,2,240.155
17556.0,82.9,1,82.9
17557.0,482.06,3,160.68666666666667
17560.0,569.35,4,142.3375
17561.0,165.12,1,165.12
17562.0,1107.38,8,138.4225
17564.0,454.01,3,151.33666666666667
17566.0,869.77,2,434.885
17567.0,2713.55,10,271.355
17569.0,344.14,1,344.14
17571.0,1425.67,4,356.4175
17572.0,226.75000000000003,4,56.68750000000001
17573.0,362.9,4,90.725
17574.0,185.65,1,185.65
17576.0,3488.73,22,158.57863636363638
17578.0,124.74,2,62.37
17579.0,440.2,4,110.05
17580.0,215.72,3,71.90666666666667
17581.0,8236.16,28,294.1485714285714
17582.0,115.27,1,115.27
17584.0,803.4,3,267.8
17585.0,1116.68,4,279.17
17588.0,359.58,3,119.86
17589.0,2269.92,4,567.48
17590.0,1468.02,3,489.34
17591.0,1865.52,8,233.19
17593.0,3109.84,6,518.3066666666667
17594.0,993.18,2,496.59
17595.0,386.69,2,193.345
17596.0,2292.01,7,327.43
17597.0,794.31,1,794.31
17600.0,161.67000000000002,1,161.67000000000002
17601.0,116.00999999999999,1,116.00999999999999
17602.0,4414.46,8,551.8075
17603.0,140.97,2,70.485
17604.0,309.36,2,154.68
17608.0,191.99,2,95.995
17609.0,1097.48,6,182.91333333333333
17611.0,3924.77,19,206.56684210526316
17612.0,1813.76,10,181.376
17613.0,4132.17,17,243.06882352941176
17614.0,386.32,1,386.32
17615.0,240.8,3,80.26666666666667
17618.0,850.38,3,283.46
17619.0,214.37,1,214.37
17620.0,81.44,1,81.44
17621.0,338.5,3,112.83333333333333
17623.0,527.0500000000001,1,527.0500000000001
17624.0,843.48,2,421.74
17625.0,1961.4,4,490.35
17628.0,75.75,1,75.75
17629.0,1517.32,9,168.5911111111111
17630.0,503.59999999999997,2,251.79999999999998
17631.0,528.33,3,176.11
17633.0,1174.84,5,234.968
17634.0,2178.39,9,242.04333333333332
17636.0,265.93,2,132.965
17637.0,547.0600000000001,2,273.53000000000003
17639.0,108.5,1,108.5
17640.0,53.1,1,53.1
17642.0,712.29,2,356.145
17643.0,101.55,1,101.55
17644.0,2562.98,17,150.7635294117647
17646.0,936.26,4,234.065
17647.0,133.06,1,133.06
17648.0,1789.55,5,357.90999999999997
17649.0,861.74,2,430.87
17650.0,166.08,1,166.08
17651.0,3821.27,13,293.94384615384615
17652.0,4637.14,18,257.61888888888893
17653.0,692.6,4,173.15
17654.0,117.55,1,117.55
17655.0,1725.44,8,215.68
17656.0,1523.99,5,304.798
17658.0,400.38,3,133.46
17659.0,2954.75,14,211.05357142857142
17660.0,178.75,1,178.75
17663.0,1728.3200000000002,9,192.03555555555556
17664.0,604.64,2,302.32
17666.0,272.76,2,136.38
17667.0,2055.51,5,411.10200000000003
17668.0,347.75,2,173.875
17669.0,955.52,7,136.50285714285715
17670.0,205.7,1,205.7
17671.0,972.08,6,162.01333333333335
17672.0,1943.82,4,485.955
17673.0,1519.07,7,217.01
17674.0,398.4,2,199.2
17675.0,14406.86,38,379.1278947368421
17676.0,1366.77,7,195.25285714285715
17677.0,3514.83,37,94.9954054054054
17678.0,298.11,1,298.11
17679.0,541.5500000000001,2,270.77500000000003
17680.0,184.4,1,184.4
17682.0,2459.33,7,351.3328571428571
17684.0,239.41,1,239.41
17685.0,2041.63,7,291.6614285714286
17686.0,5291.26,7,755.8942857142857
17690.0,4086.1,16,255.38125
17691.0,290.40000000000003,2,145.20000000000002
17692.0,733.4399999999999,5,146.688
17693.0,187.02,3,62.34
17694.0,283.12,1,283.12
17695.0,646.54,2,323.27
17696.0,1783.95,14,127.425
17697.0,338.95,1,338.95
17698.0,154.95,1,154.95
17700.0,2264.09,6,377.34833333333336
17701.0,417.95,1,417.95
17702.0,1063.22,6,177.20333333333335
17703.0,798.74,3,266.24666666666667
17704.0,647.59,2,323.795
17705.0,1781.12,10,178.112
17706.0,8357.22,22,379.8736363636363
17707.0,152.4,2,76.2
17708.0,263.33,2,131.665
17709.0,137.45,1,137.45
17711.0,385.1,2,192.55
17712.0,443.01,1,443.01
17714.0,153.0,1,153.0
17716.0,4399.99,11,399.9990909090909
17718.0,139.35,1,139.35
17719.0,5007.8,18,278.2111111111111
17720.0,889.9399999999999,3,296.64666666666665
17722.0,1895.24,6,315.87333333333333
17723.0,104.5,2,52.25
17724.0,847.15,4,211.7875
17725.0,3061.95,14,218.71071428571426
17727.0,1042.55,2,521.275
17728.0,2860.71,4,715.1775
17730.0,4029.43,15,268.6286666666667
17731.0,968.8,5,193.76
17732.0,303.97,1,303.97
17733.0,590.3100000000001,2,295.15500000000003
17734.0,700.63,3,233.54333333333332
17735.0,12879.83,19,677.8857894736842
17736.0,377.44,3,125.81333333333333
17737.0,168.24,2,84.12
17738.0,1681.75,5,336.35
17739.0,565.45,7,80.77857142857144
17742.0,284.31,2,142.155
17744.0,2231.08,7,318.7257142857143
17746.0,98.8,2,49.4
17747.0,-6.75,1,-6.75
17749.0,595.3199999999999,2,297.65999999999997
17750.0,1710.45,9,190.05
17754.0,815.71,6,135.95166666666668
17757.0,4923.54,31,158.82387096774193
17758.0,3408.2000000000003,8,426.02500000000003
17759.0,819.96,3,273.32
17760.0,287.59,2,143.795
17761.0,346.18,1,346.18
17763.0,15.0,1,15.0
17764.0,772.55,2,386.275
17765.0,367.63,3,122.54333333333334
17767.0,271.2,1,271.2
17768.0,1567.7,3,522.5666666666667
17769.0,3708.76,12,309.06333333333333
17770.0,754.77,5,150.954
17771.0,245.81,2,122.905
17772.0,173.45,2,86.725
17774.0,1203.78,5,240.756
17775.0,56.4,1,56.4
17777.0,647.56,3,215.85333333333332
17779.0,633.92,5,126.78399999999999
17781.0,98.77,2,49.385
17783.0,283.47,2,141.735
17785.0,131.94,1,131.94
17786.0,266.85,2,133.425
17787.0,1750.04,4,437.51
17788.0,16.7,1,16.7
17789.0,225.9,1,225.9
17790.0,1964.3,14,140.30714285714285
17791.0,106.1,1,106.1
17793.0,300.34,1,300.34
17795.0,342.83,2,171.415
17796.0,690.0,4,172.5
17797.0,780.43,3,260.1433333333333
17799.0,3009.32,11,273.57454545454544
17800.0,1067.21,9,118.5788888888889
17802.0,1181.04,4,295.26
17805.0,93.21000000000001,1,93.21000000000001
17806.0,546.04,1,546.04
17809.0,667.35,6,111.22500000000001
17811.0,5761.6,50,115.23200000000001
17812.0,699.81,4,174.9525
17813.0,1641.79,7,234.54142857142855
17816.0,36.56,4,9.14
17817.0,192.68,2,96.34
17819.0,380.61,6,63.435
17820.0,-24.05,2,-12.025
17824.0,298.4,1,298.4
17827.0,1987.33,5,397.466
17830.0,398.7,3,132.9
17831.0,35.400000000000006,1,35.400000000000006
17832.0,155.37,1,155.37
17835.0,342.24,3,114.08
17836.0,110.21000000000001,1,110.21000000000001
17837.0,1448.68,10,144.868
17838.0,2132.2,6,355.3666666666666
17839.0,318.15,1,318.15
17841.0,35847.31,169,212.1142603550296
17843.0,205.48,1,205.48
17848.0,513.68,7,73.38285714285713
17849.0,302.35,4,75.5875
17850.0,4695.7300000000005,35,134.1637142857143
17852.0,114.34,2,57.17
17854.0,120.01,2,60.005
17855.0,208.97,1,208.97
17856.0,263.51,5,52.702
17857.0,140.14,5,28.028
17858.0,3018.46,9,335.38444444444445
17859.0,141.92000000000002,1,141.92000000000002
17860.0,226.45000000000002,1,226.45000000000002
17861.0,1976.68,8,247.085
17862.0,150.9,1,150.9
17863.0,2726.8,6,454.4666666666667
17864.0,554.85,3,184.95000000000002
17865.0,6612.66,24,275.5275
17866.0,190.70000000000002,2,95.35000000000001
17867.0,241.99,6,40.33166666666667
17869.0,428.18,5,85.636
17870.0,1534.54,12,127.87833333333333
17871.0,155.9,1,155.9
17873.0,968.6800000000001,5,193.73600000000002
17874.0,581.8100000000001,7,83.11571428571429
17877.0,98.61,1,98.61
17878.0,379.45,1,379.45
17879.0,49.16,1,49.16
17880.0,458.92,1,458.92
17881.0,133.35000000000002,1,133.35000000000002
17883.0,664.34,4,166.085
17884.0,695.0699999999999,4,173.76749999999998
17885.0,156.34,1,156.34
17886.0,651.48,3,217.16
17887.0,111.35,1,111.35
17888.0,515.73,8,64.46625
17889.0,201.37,2,100.685
17890.0,586.89,2,293.445
17891.0,203.85999999999999,1,203.85999999999999
17892.0,152.3,2,76.15
17893.0,107.21,1,107.21
17894.0,969.71,8,121.21375
17895.0,95.45,1,95.45
17897.0,436.41,4,109.1025
17898.0,152.06,2,76.03
17899.0,154.55,1,154.55
17900.0,49.8,4,12.45
17901.0,110.38,1,110.38
17904.0,168.32,2,84.16
17905.0,439.24,3,146.41333333333333
17906.0,72.9,1,72.9
17908.0,232.03,1,232.03
17911.0,366.23,1,366.23
17912.0,294.65999999999997,6,49.10999999999999
17913.0,408.65,2,204.325
17914.0,329.36,1,329.36
17917.0,335.03,3,111.67666666666666
17919.0,464.4,1,464.4
17920.0,3838.22,17,225.7776470588235
17921.0,820.23,4,205.0575
17924.0,431.69,10,43.169
17926.0,397.29,2,198.645
17928.0,141.14,2,70.57
17929.0,-8.5,1,-8.5
17930.0,521.76,5,104.352
17931.0,338.4,2,169.2
17932.0,1331.57,3,443.8566666666666
17934.0,335.49,2,167.745
17935.0,145.79,2,72.895
17936.0,380.13,1,380.13
17937.0,382.5,7,54.642857142857146
17939.0,99.14,1,99.14
17940.0,162.0,1,162.0
17942.0,1.9,1,1.9
17946.0,149.57999999999998,2,74.78999999999999
17947.0,176.68,1,176.68
17949.0,23.2,3,7.733333333333333
17950.0,472.12,4,118.03
17951.0,333.24,4,83.31
17954.0,2155.82,16,134.73875
17955.0,394.1,3,131.36666666666667
17956.0,12.75,1,12.75
17957.0,111.68,1,111.68
17958.0,136.16,1,136.16
17960.0,73.78,1,73.78
17961.0,1171.44,39,30.036923076923078
17962.0,102.41,1,102.41
17964.0,463.21,2,231.605
17965.0,2599.19,14,185.65642857142856
17966.0,594.43,4,148.6075
17967.0,112.27,1,112.27
17968.0,265.1,1,265.1
17969.0,153.2,2,76.6
17970.0,400.79,1,400.79
17972.0,135.19,1,135.19
17973.0,337.04,1,337.04
17974.0,703.99,3,234.66333333333333
17975.0,2678.16,13,206.01230769230767
17976.0,321.79,1,321.79
17977.0,208.34,1,208.34
17978.0,145.4,1,145.4
17979.0,712.51,5,142.502
17980.0,367.45000000000005,3,122.48333333333335
17984.0,152.68,1,152.68
17985.0,492.35,1,492.35
17986.0,20.8,1,20.8
17987.0,198.57,1,198.57
17988.0,191.17000000000002,8,23.896250000000002
17990.0,630.84,3,210.28
17991.0,34.35,2,17.175
17994.0,551.09,6,91.84833333333334
17995.0,76.1,1,76.1
17997.0,1167.18,12,97.265
17999.0,380.39,2,190.195
18001.0,415.13,2,207.565
18004.0,157.92,1,157.92
18005.0,226.47,2,113.235
18006.0,275.08000000000004,1,275.08000000000004
18008.0,373.69,5,74.738
18009.0,242.29,2,121.145
18010.0,111.2,1,111.2
18011.0,102.78999999999999,1,102.78999999999999
18013.0,187.29,2,93.645
18014.0,162.22,1,162.22
18015.0,120.03,1,120.03
18016.0,1477.66,5,295.53200000000004
18018.0,122.14,2,61.07
18019.0,38.45,1,38.45
18022.0,612.72,1,612.72
18024.0,146.78,2,73.39
18027.0,115.31,1,115.31
18030.0,57.349999999999994,3,19.116666666666664
18032.0,73.5,1,73.5
18033.0,93.82000000000001,1,93.82000000000001
18034.0,418.68,2,209.34
18035.0,503.78999999999996,3,167.92999999999998
18036.0,403.12,3,134.37333333333333
18037.0,70.02,6,11.67
18040.0,357.20000000000005,2,178.60000000000002
18041.0,3501.34,22,159.1518181818182
18042.0,93.35,1,93.35
18043.0,529.29,3,176.42999999999998
18044.0,2009.15,11,182.65
18045.0,178.34,1,178.34
18048.0,95.97,2,47.985
18050.0,74.4,1,74.4
18053.0,297.07,2,148.535
18055.0,6389.14,11,580.8309090909091
18056.0,363.65,1,363.65
18058.0,6.959999999999999,1,6.959999999999999
18059.0,296.71,4,74.1775
18061.0,1127.53,10,112.753
18062.0,644.92,3,214.97333333333333
18064.0,48.0,1,48.0
18065.0,2380.08,15,158.672
18066.0,247.2,1,247.2
18067.0,396.33,1,396.33
18069.0,1994.39,7,284.91285714285715
18071.0,453.0,2,226.5
18072.0,46.79999999999999,2,23.399999999999995
18073.0,1217.3,12,101.44166666666666
18074.0,300.0,1,300.0
18075.0,2467.92,14,176.28
18077.0,2415.19,11,219.56272727272727
18078.0,259.63,2,129.815
18079.0,1332.45,3,444.15000000000003
18081.0,343.45,3,114.48333333333333
18082.0,680.84,1,680.84
18084.0,-2.95,1,-2.95
18085.0,491.95,2,245.975
18086.0,101.34,1,101.34
18087.0,-40.8,1,-40.8
18088.0,166.03,1,166.03
18092.0,454.5,6,75.75
18093.0,445.9,5,89.17999999999999
18094.0,1500.26,7,214.32285714285715
18095.0,403.65000000000003,2,201.82500000000002
18096.0,849.06,3,283.02
18097.0,2119.07,7,302.7242857142857
18099.0,168.31,1,168.31
18101.0,222.4,2,111.2
18102.0,1176.25,10,117.625
18104.0,754.64,1,754.64
18105.0,113.48000000000002,1,113.48000000000002
18106.0,340.3,1,340.3
18108.0,264.65,2,132.325
18109.0,4600.7,31,148.40967741935484
18110.0,168.55,2,84.275
18112.0,352.69,2,176.345
18114.0,220.1,1,220.1
18116.0,1403.1100000000001,8,175.38875000000002
18117.0,315.65,1,315.65
18118.0,5363.2300000000005,31,173.00741935483873
18119.0,180.7,1,180.7
18120.0,111.15,1,111.15
18121.0,653.3,2,326.65
18122.0,1793.06,6,298.8433333333333
18123.0,492.84,2,246.42
18125.0,1130.1,5,226.01999999999998
18126.0,200.92000000000002,1,200.92000000000002
18127.0,347.08,3,115.69333333333333
18129.0,112.55000000000001,1,112.55000000000001
18130.0,1045.74,4,261.435
18135.0,234.55,4,58.6375
18136.0,643.03,4,160.7575
18138.0,152.65,1,152.65
18139.0,3078.54,8,384.8175
18142.0,277.86,3,92.62
18143.0,1000.16,2,500.08
18144.0,671.15,10,67.115
18145.0,2861.55,4,715.3875
18146.0,160.35000000000002,2,80.17500000000001
18147.0,179.33999999999997,2,89.66999999999999
18149.0,338.68,3,112.89333333333333
18150.0,566.58,3,188.86
18151.0,653.35,2,326.675
18154.0,399.19,2,199.595
18155.0,347.82,4,86.955
18156.0,675.64,2,337.82
18158.0,451.75,3,150.58333333333334
18159.0,354.95,1,354.95
18160.0,638.0600000000001,2,319.03000000000003
18161.0,1549.04,6,258.17333333333335
18164.0,394.7,2,197.35
18165.0,78.66,1,78.66
18167.0,992.51,6,165.41833333333332
18168.0,1123.74,9,124.86
18169.0,202.65,1,202.65
18170.0,796.71,3,265.57
18171.0,1127.39,7,161.0557142857143
18172.0,4091.7,19,215.35263157894735
18173.0,365.08,4,91.27
18176.0,448.65,2,224.325
18177.0,1251.22,7,178.74571428571429
18178.0,1573.41,6,262.235
18179.0,1522.69,5,304.538
18180.0,1843.75,6,307.2916666666667
18181.0,366.85,1,366.85
18183.0,600.52,6,100.08666666666666
18184.0,49.8,1,49.8
18185.0,304.25,1,304.25
18188.0,1524.3700000000001,4,381.09250000000003
18189.0,1084.34,3,361.44666666666666
18190.0,274.51,3,91.50333333333333
18191.0,207.79999999999998,1,207.79999999999998
18192.0,785.1700000000001,1,785.1700000000001
18193.0,212.96,3,70.98666666666666
18194.0,51.839999999999996,2,25.919999999999998
18196.0,686.63,2,343.315
18198.0,2384.5,19,125.5
18200.0,150.35,1,150.35
18202.0,1396.99,3,465.66333333333336
18203.0,160.42000000000002,1,160.42000000000002
18204.0,1891.59,4,472.8975
18205.0,517.36,2,258.68
18209.0,139.10000000000002,1,139.10000000000002
18210.0,2545.78,6,424.2966666666667
18211.0,600.07,5,120.01400000000001
18212.0,216.07,1,216.07
18213.0,232.48000000000002,1,232.48000000000002
18215.0,299.34000000000003,1,299.34000000000003
18216.0,481.75,1,481.75
18217.0,621.75,2,310.875
18218.0,316.21999999999997,4,79.05499999999999
18219.0,2069.77,10,206.977
18220.0,-7.5,1,-7.5
18221.0,1033.31,6,172.21833333333333
18222.0,443.0,1,443.0
18223.0,5411.71,27,200.4337037037037
18224.0,158.95000000000002,1,158.95000000000002
18225.0,4423.24,17,260.1905882352941
18226.0,4829.94,14,344.99571428571426
18227.0,93.75,1,93.75
18228.0,685.8000000000001,3,228.60000000000002
18229.0,3003.06,19,158.0557894736842
18230.0,1870.75,9,207.86111111111111
18231.0,2054.67,6,342.445
18232.0,582.47,5,116.494
18235.0,1728.68,3,576.2266666666667
18236.0,882.24,6,147.04
18237.0,987.1,5,197.42000000000002
18239.0,1561.6100000000001,5,312.322
18240.0,54.18000000000001,1,54.18000000000001
18241.0,1998.69,18,111.03833333333334
18242.0,1314.55,4,328.6375
18245.0,2507.56,8,313.445
18246.0,29.5,1,29.5
18248.0,703.12,4,175.78
18249.0,95.34,1,95.34
18250.0,342.92,2,171.46
18252.0,518.27,2,259.135
18255.0,103.3,1,103.3
18256.0,-50.1,1,-50.1
18257.0,2129.28,11,193.5709090909091
18259.0,793.3000000000001,3,264.43333333333334
18260.0,2370.23,8,296.27875
18261.0,324.24,2,162.12
18262.0,149.48,1,149.48
18263.0,1211.08,4,302.77
18265.0,801.51,2,400.755
18268.0,0.0,2,0.0
18269.0,138.9,2,69.45
18270.0,277.2,3,92.39999999999999
18272.0,2997.28,7,428.1828571428572
18273.0,102.0,2,51.0
18274.0,1.7763568394002505e-15,2,8.881784197001252e-16
18276.0,224.36,3,74.78666666666668
18277.0,97.63,2,48.815
18278.0,173.9,1,173.9
18280.0,180.60000000000002,1,180.60000000000002
18281.0,80.82,1,80.82
18282.0,176.6,3,58.86666666666667
18283.0,2045.53,16,127.845625
18287.0,1319.84,3,439.94666666666666
